loop,iteration,max_fitness,time,current_time
1,1,-81.82092,3.9470341205596924,2023-12-15 09:11:49.487212
2,11,-81.804886,0.1679997444152832,2023-12-15 09:11:51.110976
3,21,-81.804886,0.17913198471069336,2023-12-15 09:11:51.311506
4,31,-68.760315,0.17407631874084473,2023-12-15 09:11:51.506645
5,41,-67.16832,0.17540550231933594,2023-12-15 09:11:51.705755
6,51,-67.16832,0.17366409301757812,2023-12-15 09:11:51.900108
7,61,-67.16832,0.2068321704864502,2023-12-15 09:11:52.127518
8,71,-67.16832,0.17539477348327637,2023-12-15 09:11:52.320711
9,81,-67.16832,0.1707158088684082,2023-12-15 09:11:52.514973
10,91,-67.16832,0.18758654594421387,2023-12-15 09:11:52.719570
11,101,-67.16832,0.1802835464477539,2023-12-15 09:11:52.923606
12,111,-67.16832,0.17911410331726074,2023-12-15 09:11:53.126512
13,121,-67.16832,0.1732637882232666,2023-12-15 09:11:53.322781
14,131,-67.16832,0.1870594024658203,2023-12-15 09:11:53.531823
15,141,-67.16832,0.17673087120056152,2023-12-15 09:11:53.731987
16,151,-67.16832,0.17785096168518066,2023-12-15 09:11:53.931882
17,161,-67.16832,0.182464599609375,2023-12-15 09:11:54.136264
18,171,-67.16832,0.16819047927856445,2023-12-15 09:11:54.321890
19,181,-67.16832,0.18865704536437988,2023-12-15 09:11:54.531945
20,191,-67.16832,0.18341660499572754,2023-12-15 09:11:54.738710
21,201,-67.16832,0.17059612274169922,2023-12-15 09:11:54.931026
22,211,-67.16832,0.18672585487365723,2023-12-15 09:11:55.137966
23,221,-67.16832,0.1904468536376953,2023-12-15 09:11:55.350630
24,231,-67.16832,0.19386839866638184,2023-12-15 09:11:55.561197
25,241,-67.16832,0.14781785011291504,2023-12-15 09:11:55.728924
26,251,-67.16832,0.17157912254333496,2023-12-15 09:11:55.917645
27,261,-67.16832,0.20207500457763672,2023-12-15 09:11:56.142525
28,271,-67.16832,0.17354941368103027,2023-12-15 09:11:56.335398
29,281,-67.16832,0.18825244903564453,2023-12-15 09:11:56.540222
30,291,-67.16832,0.1841881275177002,2023-12-15 09:11:56.747855
31,301,-67.16832,0.18636012077331543,2023-12-15 09:11:56.957884
32,311,-67.16832,0.1859428882598877,2023-12-15 09:11:57.163640
33,321,-67.16832,0.1766343116760254,2023-12-15 09:11:57.360271
34,331,-67.16832,0.17537951469421387,2023-12-15 09:11:57.557867
35,341,-67.16832,0.1768200397491455,2023-12-15 09:11:57.757367
36,351,-67.16832,0.18597769737243652,2023-12-15 09:11:57.966596
37,361,-67.16832,0.16770648956298828,2023-12-15 09:11:58.156276
38,371,-67.16832,0.18637967109680176,2023-12-15 09:11:58.364743
39,381,-67.16832,0.1754312515258789,2023-12-15 09:11:58.563323
40,391,-67.16832,0.1996784210205078,2023-12-15 09:11:58.784370
41,401,-67.16832,0.19650983810424805,2023-12-15 09:11:59.004870
42,411,-67.16832,0.20075058937072754,2023-12-15 09:11:59.228528
43,421,-67.16832,0.15102672576904297,2023-12-15 09:11:59.404655
44,431,-67.16832,0.1981978416442871,2023-12-15 09:11:59.626850
45,441,-67.16832,0.18091726303100586,2023-12-15 09:11:59.831071
46,451,-67.16832,0.18522167205810547,2023-12-15 09:12:00.038013
47,461,-67.16832,0.1743171215057373,2023-12-15 09:12:00.231602
48,471,-67.16832,0.1741955280303955,2023-12-15 09:12:00.427395
49,481,-67.16832,0.1816394329071045,2023-12-15 09:12:00.626543
50,491,-67.16832,0.17991352081298828,2023-12-15 09:12:00.847127
51,501,-67.16832,0.17784404754638672,2023-12-15 09:12:01.046815
52,511,-67.16832,0.16719913482666016,2023-12-15 09:12:01.236079
53,521,-67.16832,0.18095684051513672,2023-12-15 09:12:01.439682
54,531,-67.16832,0.18716907501220703,2023-12-15 09:12:01.648944
55,541,-67.16832,0.1967754364013672,2023-12-15 09:12:01.866331
56,551,-67.16832,0.1626720428466797,2023-12-15 09:12:02.051085
57,561,-67.16832,0.18532919883728027,2023-12-15 09:12:02.253891
58,571,-67.16832,0.16749238967895508,2023-12-15 09:12:02.443571
59,581,-67.16832,0.1700127124786377,2023-12-15 09:12:02.635874
60,591,-67.16832,0.17914628982543945,2023-12-15 09:12:02.838367
61,601,-67.16832,0.16742801666259766,2023-12-15 09:12:03.027716
62,611,-67.16832,0.19721651077270508,2023-12-15 09:12:03.245695
63,621,-67.16832,0.19960927963256836,2023-12-15 09:12:03.467663
64,631,-67.16832,0.16333365440368652,2023-12-15 09:12:03.653196
65,641,-67.16832,0.17364740371704102,2023-12-15 09:12:03.844199
66,651,-67.16832,0.1865551471710205,2023-12-15 09:12:04.053568
67,661,-67.16832,0.17394542694091797,2023-12-15 09:12:04.249714
68,671,-67.16832,0.15005135536193848,2023-12-15 09:12:04.418368
69,681,-67.16832,0.20172619819641113,2023-12-15 09:12:04.642428
70,691,-67.16832,0.17921948432922363,2023-12-15 09:12:04.842710
71,701,-67.16832,0.17765188217163086,2023-12-15 09:12:05.037753
72,711,-67.16832,0.18648076057434082,2023-12-15 09:12:05.244235
73,721,-67.16832,0.1569066047668457,2023-12-15 09:12:05.418931
74,731,-67.16832,0.17153239250183105,2023-12-15 09:12:05.607517
75,741,-67.16832,0.17713260650634766,2023-12-15 09:12:05.807219
76,751,-67.16832,0.16884946823120117,2023-12-15 09:12:05.999118
77,761,-67.16832,0.17350482940673828,2023-12-15 09:12:06.196141
78,771,-67.16832,0.18726801872253418,2023-12-15 09:12:06.403630
79,781,-67.16832,0.19797277450561523,2023-12-15 09:12:06.623376
80,791,-67.16832,0.164154052734375,2023-12-15 09:12:06.810612
81,801,-67.16832,0.16710519790649414,2023-12-15 09:12:07.000253
82,811,-67.16832,0.18090367317199707,2023-12-15 09:12:07.206415
83,821,-67.16832,0.17206501960754395,2023-12-15 09:12:07.403521
84,831,-67.16832,0.17007923126220703,2023-12-15 09:12:07.593382
85,841,-67.16832,0.17571067810058594,2023-12-15 09:12:07.786982
86,851,-67.16832,0.17596936225891113,2023-12-15 09:12:07.984246
87,861,-67.16832,0.16943645477294922,2023-12-15 09:12:08.177009
88,871,-67.16832,0.1794290542602539,2023-12-15 09:12:08.377851
89,881,-67.16832,0.17007136344909668,2023-12-15 09:12:08.567538
90,891,-67.16832,0.1900651454925537,2023-12-15 09:12:08.780167
91,901,-67.16832,0.17422771453857422,2023-12-15 09:12:08.976760
92,911,-67.16832,0.20337772369384766,2023-12-15 09:12:09.196942
93,921,-67.16832,0.19446372985839844,2023-12-15 09:12:09.416942
94,931,-67.16832,0.18752002716064453,2023-12-15 09:12:09.634998
95,941,-67.16832,0.1600017547607422,2023-12-15 09:12:09.814740
96,951,-67.16832,0.17515969276428223,2023-12-15 09:12:10.012182
97,961,-67.16832,0.1597614288330078,2023-12-15 09:12:10.194741
98,971,-67.16832,0.17681431770324707,2023-12-15 09:12:10.394902
99,981,-67.16832,0.17988204956054688,2023-12-15 09:12:10.593988
100,991,-67.16832,0.18861031532287598,2023-12-15 09:12:10.805126
101,1001,-67.16832,0.15479803085327148,2023-12-15 09:12:10.977172
102,1011,-67.16832,0.1868877410888672,2023-12-15 09:12:11.186313
103,1021,-67.16832,0.18161273002624512,2023-12-15 09:12:11.391029
104,1031,-67.16832,0.17615842819213867,2023-12-15 09:12:11.590183
105,1041,-67.16832,0.17132329940795898,2023-12-15 09:12:11.781851
106,1051,-67.16832,0.17765188217163086,2023-12-15 09:12:11.982559
107,1061,-67.16832,0.16961050033569336,2023-12-15 09:12:12.174908
108,1071,-67.16832,0.17151784896850586,2023-12-15 09:12:12.369609
109,1081,-67.16832,0.17744135856628418,2023-12-15 09:12:12.570902
110,1091,-67.16832,0.19548988342285156,2023-12-15 09:12:12.789412
111,1101,-67.16832,0.19646716117858887,2023-12-15 09:12:13.008039
112,1111,-67.16832,0.1716759204864502,2023-12-15 09:12:13.202294
113,1121,-67.16832,0.17925047874450684,2023-12-15 09:12:13.403152
114,1131,-67.16832,0.1862773895263672,2023-12-15 09:12:13.611914
115,1141,-67.16832,0.17415380477905273,2023-12-15 09:12:13.803801
116,1151,-67.16832,0.1851203441619873,2023-12-15 09:12:14.013354
117,1161,-67.16832,0.2036280632019043,2023-12-15 09:12:14.240107
118,1171,-67.16832,0.18042826652526855,2023-12-15 09:12:14.442727
119,1181,-67.16832,0.16997814178466797,2023-12-15 09:12:14.635133
120,1191,-67.16832,0.1727313995361328,2023-12-15 09:12:14.825525
121,1201,-67.16832,0.17534255981445312,2023-12-15 09:12:15.021366
122,1211,-67.16832,0.16300535202026367,2023-12-15 09:12:15.206125
123,1221,-67.16832,0.17369747161865234,2023-12-15 09:12:15.402369
124,1231,-67.16832,0.1700880527496338,2023-12-15 09:12:15.596090
125,1241,-67.16832,0.17815566062927246,2023-12-15 09:12:15.790060
126,1251,-67.16832,0.18964600563049316,2023-12-15 09:12:15.999905
127,1261,-67.16832,0.1712818145751953,2023-12-15 09:12:16.191472
128,1271,-67.16832,0.16182923316955566,2023-12-15 09:12:16.375186
129,1281,-67.16832,0.16958904266357422,2023-12-15 09:12:16.565236
130,1291,-67.16832,0.1714184284210205,2023-12-15 09:12:16.759042
131,1301,-67.16832,0.1719064712524414,2023-12-15 09:12:16.947381
132,1311,-67.16832,0.18159031867980957,2023-12-15 09:12:17.145146
133,1321,-67.16832,0.19723749160766602,2023-12-15 09:12:17.365126
134,1331,-67.16832,0.17213702201843262,2023-12-15 09:12:17.554447
135,1341,-67.16832,0.17223525047302246,2023-12-15 09:12:17.748900
136,1351,-67.16832,0.16334867477416992,2023-12-15 09:12:17.934559
137,1361,-67.16832,0.18160748481750488,2023-12-15 09:12:18.134532
138,1371,-67.16832,0.17644524574279785,2023-12-15 09:12:18.334681
139,1381,-67.16832,0.1625986099243164,2023-12-15 09:12:18.519893
140,1391,-67.16832,0.18812775611877441,2023-12-15 09:12:18.729777
141,1401,-67.16832,0.17896246910095215,2023-12-15 09:12:18.925399
142,1411,-67.16832,0.17409610748291016,2023-12-15 09:12:19.117177
143,1421,-67.16832,0.16948938369750977,2023-12-15 09:12:19.305273
144,1431,-67.16832,0.19399452209472656,2023-12-15 09:12:19.521825
145,1441,-67.16832,0.16622233390808105,2023-12-15 09:12:19.712090
146,1451,-67.16832,0.18230199813842773,2023-12-15 09:12:19.917338
147,1461,-67.16832,0.19492220878601074,2023-12-15 09:12:20.135919
148,1471,-67.16832,0.1620934009552002,2023-12-15 09:12:20.323079
149,1481,-67.16832,0.203629732131958,2023-12-15 09:12:20.549208
150,1491,-67.16832,0.17136216163635254,2023-12-15 09:12:20.742696
151,1501,-67.16832,0.18172693252563477,2023-12-15 09:12:20.946893
152,1511,-67.16832,0.16378450393676758,2023-12-15 09:12:21.133028
153,1521,-67.16832,0.16704559326171875,2023-12-15 09:12:21.317847
154,1531,-67.16832,0.15597987174987793,2023-12-15 09:12:21.496436
155,1541,-67.16832,0.17622041702270508,2023-12-15 09:12:21.692565
156,1551,-67.16832,0.16644287109375,2023-12-15 09:12:21.879495
157,1561,-67.16832,0.19167041778564453,2023-12-15 09:12:22.092890
158,1571,-67.16832,0.1718144416809082,2023-12-15 09:12:22.285978
159,1581,-67.16832,0.18545818328857422,2023-12-15 09:12:22.493946
160,1591,-67.16832,0.18086528778076172,2023-12-15 09:12:22.696953
161,1601,-67.16832,0.1707472801208496,2023-12-15 09:12:22.886691
162,1611,-67.16832,0.16950607299804688,2023-12-15 09:12:23.076141
163,1621,-67.16832,0.1857137680053711,2023-12-15 09:12:23.283791
164,1631,-67.16832,0.16773605346679688,2023-12-15 09:12:23.471546
165,1641,-67.16832,0.17710208892822266,2023-12-15 09:12:23.671599
166,1651,-67.16832,0.17980504035949707,2023-12-15 09:12:23.873435
167,1661,-67.16832,0.17823195457458496,2023-12-15 09:12:24.073342
168,1671,-67.16832,0.18570423126220703,2023-12-15 09:12:24.277901
169,1681,-67.16832,0.17241215705871582,2023-12-15 09:12:24.469279
170,1691,-67.16832,0.1694025993347168,2023-12-15 09:12:24.656304
171,1701,-67.16832,0.17599964141845703,2023-12-15 09:12:24.852562
172,1711,-67.16832,0.1748063564300537,2023-12-15 09:12:25.046885
173,1721,-67.16832,0.1921992301940918,2023-12-15 09:12:25.258024
174,1731,-67.16832,0.17696690559387207,2023-12-15 09:12:25.457613
175,1741,-67.16832,0.17377066612243652,2023-12-15 09:12:25.648366
176,1751,-67.16832,0.17656493186950684,2023-12-15 09:12:25.846949
177,1761,-67.16832,0.16704177856445312,2023-12-15 09:12:26.036191
178,1771,-67.16832,0.1853950023651123,2023-12-15 09:12:26.239083
179,1781,-67.16832,0.20198678970336914,2023-12-15 09:12:26.460498
180,1791,-67.16832,0.19346237182617188,2023-12-15 09:12:26.676792
181,1801,-67.16832,0.17087721824645996,2023-12-15 09:12:26.865330
182,1811,-67.16832,0.17864036560058594,2023-12-15 09:12:27.066421
183,1821,-67.16832,0.1607983112335205,2023-12-15 09:12:27.248300
184,1831,-67.16832,0.18513274192810059,2023-12-15 09:12:27.455533
185,1841,-67.16832,0.1828141212463379,2023-12-15 09:12:27.660540
186,1851,-67.16832,0.1770491600036621,2023-12-15 09:12:27.856597
187,1861,-67.16832,0.17852020263671875,2023-12-15 09:12:28.051945
188,1871,-67.16832,0.18933343887329102,2023-12-15 09:12:28.264735
189,1881,-67.16832,0.16415143013000488,2023-12-15 09:12:28.447880
190,1891,-67.16832,0.17915582656860352,2023-12-15 09:12:28.653753
191,1901,-67.16832,0.1728191375732422,2023-12-15 09:12:28.849171
192,1911,-67.16832,0.1767411231994629,2023-12-15 09:12:29.048561
193,1921,-67.16832,0.1707320213317871,2023-12-15 09:12:29.241263
194,1931,-67.16832,0.1792607307434082,2023-12-15 09:12:29.442220
195,1941,-64.24894,0.16603636741638184,2023-12-15 09:12:29.631247
196,1951,-64.24894,0.15685606002807617,2023-12-15 09:12:29.810858
197,1961,-64.24894,0.18587923049926758,2023-12-15 09:12:30.016155
198,1971,-64.24894,0.20185160636901855,2023-12-15 09:12:30.240574
199,1981,-64.24894,0.18132591247558594,2023-12-15 09:12:30.446159
200,1991,-64.24894,0.18303227424621582,2023-12-15 09:12:30.652252
201,2001,-64.24894,0.18442034721374512,2023-12-15 09:12:30.860838
202,2011,-64.24894,0.1754608154296875,2023-12-15 09:12:31.055251
203,2021,-64.24894,0.18236041069030762,2023-12-15 09:12:31.256669
204,2031,-64.24894,0.15778398513793945,2023-12-15 09:12:31.436985
205,2041,-64.24894,0.18445992469787598,2023-12-15 09:12:31.643959
206,2051,-64.24894,0.18295812606811523,2023-12-15 09:12:31.851292
207,2061,-64.24894,0.19160032272338867,2023-12-15 09:12:32.060013
208,2071,-64.24894,0.20484042167663574,2023-12-15 09:12:32.285653
209,2081,-64.24894,0.1722426414489746,2023-12-15 09:12:32.479975
210,2091,-64.24894,0.19047093391418457,2023-12-15 09:12:32.695394
211,2101,-64.24894,0.20196795463562012,2023-12-15 09:12:32.923701
212,2111,-64.24894,0.18291783332824707,2023-12-15 09:12:33.132370
213,2121,-64.24894,0.17525959014892578,2023-12-15 09:12:33.329679
214,2131,-64.24894,0.1876363754272461,2023-12-15 09:12:33.535582
215,2141,-64.24894,0.1810450553894043,2023-12-15 09:12:33.737670
216,2151,-64.24894,0.18208670616149902,2023-12-15 09:12:33.942316
217,2161,-64.24894,0.1727757453918457,2023-12-15 09:12:34.137427
218,2171,-64.24894,0.17339038848876953,2023-12-15 09:12:34.333131
219,2181,-64.24894,0.17154932022094727,2023-12-15 09:12:34.526476
220,2191,-64.24894,0.1761181354522705,2023-12-15 09:12:34.721628
221,2201,-64.24894,0.168013334274292,2023-12-15 09:12:34.912588
222,2211,-64.24894,0.17870664596557617,2023-12-15 09:12:35.110980
223,2221,-64.24894,0.18042683601379395,2023-12-15 09:12:35.314180
224,2231,-64.24894,0.18175935745239258,2023-12-15 09:12:35.518239
225,2241,-64.24894,0.1884934902191162,2023-12-15 09:12:35.731857
226,2251,-64.24894,0.19193124771118164,2023-12-15 09:12:35.946180
227,2261,-64.24894,0.18175244331359863,2023-12-15 09:12:36.150172
228,2271,-64.24894,0.17716121673583984,2023-12-15 09:12:36.350406
229,2281,-64.24894,0.17898321151733398,2023-12-15 09:12:36.551883
230,2291,-64.24894,0.17362761497497559,2023-12-15 09:12:36.743759
231,2301,-64.24894,0.18711590766906738,2023-12-15 09:12:36.952626
232,2311,-64.24894,0.1900331974029541,2023-12-15 09:12:37.167433
233,2321,-64.24894,0.17926716804504395,2023-12-15 09:12:37.370224
234,2331,-64.24894,0.17883992195129395,2023-12-15 09:12:37.570878
235,2341,-64.24894,0.18007659912109375,2023-12-15 09:12:37.773059
236,2351,-64.24894,0.1736891269683838,2023-12-15 09:12:37.970330
237,2361,-64.24894,0.18268966674804688,2023-12-15 09:12:38.172568
238,2371,-64.24894,0.1664743423461914,2023-12-15 09:12:38.360946
239,2381,-64.24894,0.16561651229858398,2023-12-15 09:12:38.549053
240,2391,-64.24894,0.19171595573425293,2023-12-15 09:12:38.759891
241,2401,-64.24894,0.176652193069458,2023-12-15 09:12:38.958869
242,2411,-64.24894,0.1801319122314453,2023-12-15 09:12:39.157868
243,2421,-64.24894,0.17659378051757812,2023-12-15 09:12:39.354804
244,2431,-64.24894,0.1738414764404297,2023-12-15 09:12:39.550972
245,2441,-64.24894,0.19440889358520508,2023-12-15 09:12:39.767811
246,2451,-64.24894,0.17851734161376953,2023-12-15 09:12:39.969133
247,2461,-64.24894,0.15453791618347168,2023-12-15 09:12:40.145064
248,2471,-64.24894,0.17628049850463867,2023-12-15 09:12:40.340994
249,2481,-64.24894,0.1900632381439209,2023-12-15 09:12:40.553376
250,2491,-64.24894,0.18221187591552734,2023-12-15 09:12:40.758227
251,2501,-64.24894,0.21239376068115234,2023-12-15 09:12:40.994571
252,2511,-64.24894,0.18457555770874023,2023-12-15 09:12:41.201975
253,2521,-64.24894,0.17985177040100098,2023-12-15 09:12:41.405465
254,2531,-64.24894,0.17150020599365234,2023-12-15 09:12:41.596610
255,2541,-64.24894,0.1933426856994629,2023-12-15 09:12:41.810743
256,2551,-64.24894,0.17709946632385254,2023-12-15 09:12:42.010058
257,2561,-64.24894,0.1817796230316162,2023-12-15 09:12:42.212471
258,2571,-64.24894,0.17031550407409668,2023-12-15 09:12:42.401742
259,2581,-64.24894,0.1767592430114746,2023-12-15 09:12:42.599638
260,2591,-64.24894,0.16771936416625977,2023-12-15 09:12:42.789813
261,2601,-64.24894,0.18290948867797852,2023-12-15 09:12:42.993745
262,2611,-64.24894,0.1980440616607666,2023-12-15 09:12:43.212891
263,2621,-64.24894,0.18355250358581543,2023-12-15 09:12:43.418231
264,2631,-64.24894,0.19060611724853516,2023-12-15 09:12:43.627387
265,2641,-64.24894,0.19064092636108398,2023-12-15 09:12:43.837168
266,2651,-64.24894,0.18445539474487305,2023-12-15 09:12:44.045279
267,2661,-64.24894,0.18161773681640625,2023-12-15 09:12:44.249965
268,2671,-64.24894,0.17497563362121582,2023-12-15 09:12:44.445535
269,2681,-64.24894,0.17742633819580078,2023-12-15 09:12:44.649042
270,2691,-64.24894,0.1880331039428711,2023-12-15 09:12:44.859205
271,2701,-64.24894,0.17896723747253418,2023-12-15 09:12:45.057215
272,2711,-64.24894,0.1832442283630371,2023-12-15 09:12:45.256793
273,2721,-64.24894,0.1666269302368164,2023-12-15 09:12:45.444640
274,2731,-64.24894,0.1831202507019043,2023-12-15 09:12:45.650132
275,2741,-64.24894,0.1629927158355713,2023-12-15 09:12:45.835363
276,2751,-64.24894,0.18786859512329102,2023-12-15 09:12:46.040484
277,2761,-64.24894,0.1646420955657959,2023-12-15 09:12:46.228317
278,2771,-64.24894,0.17477941513061523,2023-12-15 09:12:46.424064
279,2781,-64.24894,0.17979001998901367,2023-12-15 09:12:46.626603
280,2791,-64.24894,0.18318843841552734,2023-12-15 09:12:46.833930
281,2801,-64.24894,0.16660666465759277,2023-12-15 09:12:47.023183
282,2811,-64.24894,0.1770796775817871,2023-12-15 09:12:47.222591
283,2821,-64.24894,0.173173189163208,2023-12-15 09:12:47.417900
284,2831,-64.24894,0.1777942180633545,2023-12-15 09:12:47.611823
285,2841,-64.24894,0.17442941665649414,2023-12-15 09:12:47.803704
286,2851,-64.24894,0.17285633087158203,2023-12-15 09:12:47.992343
287,2861,-64.24894,0.17280936241149902,2023-12-15 09:12:48.187886
288,2871,-64.24894,0.177276611328125,2023-12-15 09:12:48.387627
289,2881,-64.24894,0.17119240760803223,2023-12-15 09:12:48.580936
290,2891,-64.24894,0.1763744354248047,2023-12-15 09:12:48.775479
291,2901,-64.24894,0.1706407070159912,2023-12-15 09:12:48.967174
292,2911,-64.24894,0.18944430351257324,2023-12-15 09:12:49.179973
293,2921,-64.24894,0.19750404357910156,2023-12-15 09:12:49.400671
294,2931,-64.24894,0.19953489303588867,2023-12-15 09:12:49.622563
295,2941,-64.24894,0.17936277389526367,2023-12-15 09:12:49.824641
296,2951,-64.24894,0.17388153076171875,2023-12-15 09:12:50.020048
297,2961,-64.24894,0.1808028221130371,2023-12-15 09:12:50.220903
298,2971,-64.24894,0.18200349807739258,2023-12-15 09:12:50.422380
299,2981,-64.24894,0.17402410507202148,2023-12-15 09:12:50.619110
300,2991,-64.24894,0.18952488899230957,2023-12-15 09:12:50.831190
301,3001,-64.24894,0.18138790130615234,2023-12-15 09:12:51.036743
302,3011,-64.24894,0.17590665817260742,2023-12-15 09:12:51.233937
303,3021,-64.24894,0.16964292526245117,2023-12-15 09:12:51.425271
304,3031,-64.24894,0.16905617713928223,2023-12-15 09:12:51.611243
305,3041,-64.24894,0.17066240310668945,2023-12-15 09:12:51.798676
306,3051,-64.24894,0.1687161922454834,2023-12-15 09:12:51.991397
307,3061,-64.24894,0.1713559627532959,2023-12-15 09:12:52.180469
308,3071,-64.24894,0.18933439254760742,2023-12-15 09:12:52.394166
309,3081,-64.24894,0.18700599670410156,2023-12-15 09:12:52.603321
310,3091,-64.24894,0.1803910732269287,2023-12-15 09:12:52.806841
311,3101,-64.24894,0.16972851753234863,2023-12-15 09:12:53.000376
312,3111,-64.24894,0.16533493995666504,2023-12-15 09:12:53.187927
313,3121,-64.24894,0.18703413009643555,2023-12-15 09:12:53.397261
314,3131,-64.24894,0.16577863693237305,2023-12-15 09:12:53.584649
315,3141,-64.24894,0.17521381378173828,2023-12-15 09:12:53.777319
316,3151,-64.24894,0.18450403213500977,2023-12-15 09:12:53.983304
317,3161,-64.24894,0.2013566493988037,2023-12-15 09:12:54.208325
318,3171,-64.24894,0.16512846946716309,2023-12-15 09:12:54.392261
319,3181,-64.24894,0.17660951614379883,2023-12-15 09:12:54.590514
320,3191,-64.24894,0.15724444389343262,2023-12-15 09:12:54.770936
321,3201,-64.24894,0.17458200454711914,2023-12-15 09:12:54.967839
322,3211,-64.24894,0.17768192291259766,2023-12-15 09:12:55.163475
323,3221,-64.24894,0.17606282234191895,2023-12-15 09:12:55.360607
324,3231,-64.24894,0.17954039573669434,2023-12-15 09:12:55.561279
325,3241,-64.24894,0.1823573112487793,2023-12-15 09:12:55.766060
326,3251,-64.24894,0.17580032348632812,2023-12-15 09:12:55.964405
327,3261,-64.24894,0.16414523124694824,2023-12-15 09:12:56.145791
328,3271,-64.24894,0.16155648231506348,2023-12-15 09:12:56.324258
329,3281,-64.24894,0.1807396411895752,2023-12-15 09:12:56.528068
330,3291,-64.24894,0.1741628646850586,2023-12-15 09:12:56.724413
331,3301,-64.24894,0.17894554138183594,2023-12-15 09:12:56.926136
332,3311,-64.24894,0.1821427345275879,2023-12-15 09:12:57.131400
333,3321,-64.24894,0.18646240234375,2023-12-15 09:12:57.340358
334,3331,-64.24894,0.20282578468322754,2023-12-15 09:12:57.566195
335,3341,-64.24894,0.17382478713989258,2023-12-15 09:12:57.757497
336,3351,-64.24894,0.17863249778747559,2023-12-15 09:12:57.959119
337,3361,-64.24894,0.19288945198059082,2023-12-15 09:12:58.174882
338,3371,-64.24894,0.17493724822998047,2023-12-15 09:12:58.373350
339,3381,-64.24894,0.17568540573120117,2023-12-15 09:12:58.570832
340,3391,-64.24894,0.17455482482910156,2023-12-15 09:12:58.768138
341,3401,-64.24894,0.1668386459350586,2023-12-15 09:12:58.957213
342,3411,-64.24894,0.16994142532348633,2023-12-15 09:12:59.149612
343,3421,-64.24894,0.18782687187194824,2023-12-15 09:12:59.361378
344,3431,-64.24894,0.1863539218902588,2023-12-15 09:12:59.568472
345,3441,-64.24894,0.1776900291442871,2023-12-15 09:12:59.768343
346,3451,-64.24894,0.1755542755126953,2023-12-15 09:12:59.966557
347,3461,-64.24894,0.17547893524169922,2023-12-15 09:13:00.163987
348,3471,-64.24894,0.18074774742126465,2023-12-15 09:13:00.362227
349,3481,-64.24894,0.18979763984680176,2023-12-15 09:13:00.574789
350,3491,-64.24894,0.16898798942565918,2023-12-15 09:13:00.766566
351,3501,-64.24894,0.1850290298461914,2023-12-15 09:13:00.969372
352,3511,-64.24894,0.21294236183166504,2023-12-15 09:13:01.204532
353,3521,-64.24894,0.19902372360229492,2023-12-15 09:13:01.424199
354,3531,-64.24894,0.20334625244140625,2023-12-15 09:13:01.648004
355,3541,-64.24894,0.18442392349243164,2023-12-15 09:13:01.849347
356,3551,-64.24894,0.16678619384765625,2023-12-15 09:13:02.039954
357,3561,-64.24894,0.17112445831298828,2023-12-15 09:13:02.227956
358,3571,-64.24894,0.18622398376464844,2023-12-15 09:13:02.438026
359,3581,-64.24894,0.18759655952453613,2023-12-15 09:13:02.647659
360,3591,-64.24894,0.17929959297180176,2023-12-15 09:13:02.850711
361,3601,-64.24894,0.1822962760925293,2023-12-15 09:13:03.052151
362,3611,-64.24894,0.18131613731384277,2023-12-15 09:13:03.256340
363,3621,-64.24894,0.18447661399841309,2023-12-15 09:13:03.461581
364,3631,-64.24894,0.18863344192504883,2023-12-15 09:13:03.670771
365,3641,-64.24894,0.21352243423461914,2023-12-15 09:13:03.902183
366,3651,-64.24894,0.16950702667236328,2023-12-15 09:13:04.088299
367,3661,-64.24894,0.1694474220275879,2023-12-15 09:13:04.274446
368,3671,-64.24894,0.16779351234436035,2023-12-15 09:13:04.464241
369,3681,-64.24894,0.19589877128601074,2023-12-15 09:13:04.683199
370,3691,-64.24894,0.1899566650390625,2023-12-15 09:13:04.895685
371,3701,-64.24894,0.19230079650878906,2023-12-15 09:13:05.110590
372,3711,-64.24894,0.18408632278442383,2023-12-15 09:13:05.319279
373,3721,-64.24894,0.16619157791137695,2023-12-15 09:13:05.508789
374,3731,-64.24894,0.21197509765625,2023-12-15 09:13:05.744034
375,3741,-64.24894,0.19336366653442383,2023-12-15 09:13:05.955788
376,3751,-64.24894,0.17528772354125977,2023-12-15 09:13:06.153410
377,3761,-64.24894,0.18155694007873535,2023-12-15 09:13:06.357911
378,3771,-64.24894,0.16080760955810547,2023-12-15 09:13:06.536057
379,3781,-64.24894,0.15720868110656738,2023-12-15 09:13:06.715995
380,3791,-64.24894,0.17514824867248535,2023-12-15 09:13:06.910784
381,3801,-64.24894,0.1912217140197754,2023-12-15 09:13:07.122076
382,3811,-64.24894,0.17997384071350098,2023-12-15 09:13:07.326131
383,3821,-64.24894,0.15801692008972168,2023-12-15 09:13:07.506864
384,3831,-64.24894,0.17214345932006836,2023-12-15 09:13:07.695373
385,3841,-64.24894,0.1831059455871582,2023-12-15 09:13:07.899337
386,3851,-64.24894,0.17233538627624512,2023-12-15 09:13:08.094021
387,3861,-64.24894,0.17126703262329102,2023-12-15 09:13:08.287370
388,3871,-64.24894,0.1565103530883789,2023-12-15 09:13:08.463987
389,3881,-64.24894,0.16926288604736328,2023-12-15 09:13:08.655964
390,3891,-64.24894,0.16841578483581543,2023-12-15 09:13:08.846508
391,3901,-64.24894,0.18539142608642578,2023-12-15 09:13:09.054870
392,3911,-64.24894,0.18607258796691895,2023-12-15 09:13:09.265233
393,3921,-64.24894,0.17814230918884277,2023-12-15 09:13:09.462935
394,3931,-64.24894,0.16808485984802246,2023-12-15 09:13:09.652044
395,3941,-64.24894,0.170424222946167,2023-12-15 09:13:09.845256
396,3951,-64.24894,0.1843118667602539,2023-12-15 09:13:10.052578
397,3961,-64.24894,0.1996309757232666,2023-12-15 09:13:10.274591
398,3971,-64.24894,0.16050243377685547,2023-12-15 09:13:10.455678
399,3981,-64.24894,0.1764521598815918,2023-12-15 09:13:10.653740
400,3991,-64.24894,0.17656278610229492,2023-12-15 09:13:10.852706
401,4001,-64.24894,0.17859339714050293,2023-12-15 09:13:11.053492
402,4011,-64.24894,0.16333770751953125,2023-12-15 09:13:11.239800
403,4021,-64.24894,0.19109797477722168,2023-12-15 09:13:11.447443
404,4031,-64.24894,0.1998884677886963,2023-12-15 09:13:11.669629
405,4041,-64.24894,0.17327499389648438,2023-12-15 09:13:11.866770
406,4051,-64.24894,0.1763315200805664,2023-12-15 09:13:12.066085
407,4061,-64.24894,0.1736433506011963,2023-12-15 09:13:12.263467
408,4071,-64.24894,0.18241143226623535,2023-12-15 09:13:12.467298
409,4081,-64.24894,0.16871881484985352,2023-12-15 09:13:12.659015
410,4091,-64.24894,0.1724238395690918,2023-12-15 09:13:12.853885
411,4101,-64.24894,0.1785144805908203,2023-12-15 09:13:13.056267
412,4111,-64.24894,0.16231369972229004,2023-12-15 09:13:13.236733
413,4121,-64.24894,0.18056559562683105,2023-12-15 09:13:13.435243
414,4131,-64.24894,0.16909313201904297,2023-12-15 09:13:13.621446
415,4141,-64.24894,0.16722631454467773,2023-12-15 09:13:13.808516
416,4151,-64.24894,0.17853665351867676,2023-12-15 09:13:14.008474
417,4161,-64.24894,0.16584372520446777,2023-12-15 09:13:14.189752
418,4171,-64.24894,0.17876338958740234,2023-12-15 09:13:14.388789
419,4181,-64.24894,0.18022942543029785,2023-12-15 09:13:14.590813
420,4191,-64.24894,0.1651320457458496,2023-12-15 09:13:14.776392
421,4201,-64.24894,0.16590189933776855,2023-12-15 09:13:14.963734
422,4211,-64.24894,0.17739486694335938,2023-12-15 09:13:15.159540
423,4221,-64.24894,0.17717385292053223,2023-12-15 09:13:15.358936
424,4231,-64.24894,0.17960715293884277,2023-12-15 09:13:15.560064
425,4241,-64.24894,0.16871953010559082,2023-12-15 09:13:15.747768
426,4251,-64.24894,0.17806744575500488,2023-12-15 09:13:15.948745
427,4261,-64.24894,0.17824435234069824,2023-12-15 09:13:16.152572
428,4271,-64.24894,0.1827411651611328,2023-12-15 09:13:16.352494
429,4281,-64.24894,0.18746018409729004,2023-12-15 09:13:16.558657
430,4291,-64.24894,0.1849820613861084,2023-12-15 09:13:16.765890
431,4301,-64.24894,0.17563867568969727,2023-12-15 09:13:16.964387
432,4311,-64.24894,0.1702721118927002,2023-12-15 09:13:17.157704
433,4321,-64.24894,0.17252564430236816,2023-12-15 09:13:17.347337
434,4331,-64.24894,0.17341208457946777,2023-12-15 09:13:17.543698
435,4341,-64.24894,0.16281437873840332,2023-12-15 09:13:17.728798
436,4351,-64.24894,0.16685199737548828,2023-12-15 09:13:17.915714
437,4361,-64.24894,0.1914069652557373,2023-12-15 09:13:18.129217
438,4371,-64.24894,0.17850637435913086,2023-12-15 09:13:18.330487
439,4381,-64.24894,0.17506027221679688,2023-12-15 09:13:18.527692
440,4391,-64.24894,0.17574596405029297,2023-12-15 09:13:18.724590
441,4401,-64.24894,0.1740128993988037,2023-12-15 09:13:18.920983
442,4411,-64.24894,0.16811299324035645,2023-12-15 09:13:19.105645
443,4421,-64.24894,0.1701347827911377,2023-12-15 09:13:19.296782
444,4431,-64.24894,0.16599202156066895,2023-12-15 09:13:19.484767
445,4441,-64.24894,0.18622231483459473,2023-12-15 09:13:19.691385
446,4451,-64.24894,0.1904277801513672,2023-12-15 09:13:19.901406
447,4461,-64.24894,0.1712791919708252,2023-12-15 09:13:20.089569
448,4471,-64.24894,0.17695832252502441,2023-12-15 09:13:20.287117
449,4481,-64.24894,0.18381571769714355,2023-12-15 09:13:20.493271
450,4491,-64.24894,0.17627477645874023,2023-12-15 09:13:20.692869
451,4501,-64.24894,0.17110347747802734,2023-12-15 09:13:20.885567
452,4511,-64.24894,0.1765305995941162,2023-12-15 09:13:21.084466
453,4521,-64.24894,0.16912031173706055,2023-12-15 09:13:21.274727
454,4531,-64.24894,0.1680142879486084,2023-12-15 09:13:21.458996
455,4541,-64.24894,0.17701387405395508,2023-12-15 09:13:21.658910
456,4551,-64.24894,0.1878950595855713,2023-12-15 09:13:21.867624
457,4561,-64.24894,0.17726850509643555,2023-12-15 09:13:22.067289
458,4571,-64.24894,0.17059946060180664,2023-12-15 09:13:22.260750
459,4581,-64.24894,0.17558789253234863,2023-12-15 09:13:22.459184
460,4591,-64.24894,0.17438650131225586,2023-12-15 09:13:22.650226
461,4601,-64.24894,0.1700751781463623,2023-12-15 09:13:22.842465
462,4611,-64.24894,0.16970443725585938,2023-12-15 09:13:23.032795
463,4621,-64.24894,0.16854476928710938,2023-12-15 09:13:23.224117
464,4631,-64.24894,0.17686748504638672,2023-12-15 09:13:23.419937
465,4641,-64.24894,0.16643619537353516,2023-12-15 09:13:23.608555
466,4651,-64.24894,0.18407535552978516,2023-12-15 09:13:23.817258
467,4661,-64.24894,0.19848895072937012,2023-12-15 09:13:24.038348
468,4671,-64.24894,0.18418097496032715,2023-12-15 09:13:24.242294
469,4681,-64.24894,0.17522978782653809,2023-12-15 09:13:24.439941
470,4691,-64.24894,0.18178129196166992,2023-12-15 09:13:24.643903
471,4701,-64.24894,0.18247079849243164,2023-12-15 09:13:24.848386
472,4711,-64.24894,0.19956374168395996,2023-12-15 09:13:25.065632
473,4721,-64.24894,0.17211318016052246,2023-12-15 09:13:25.259110
474,4731,-64.24894,0.17410826683044434,2023-12-15 09:13:25.452717
475,4741,-64.24894,0.1788802146911621,2023-12-15 09:13:25.651063
476,4751,-64.24894,0.18105459213256836,2023-12-15 09:13:25.854261
477,4761,-64.24894,0.17870759963989258,2023-12-15 09:13:26.053553
478,4771,-64.24894,0.1706078052520752,2023-12-15 09:13:26.246487
479,4781,-64.24894,0.17108726501464844,2023-12-15 09:13:26.435958
480,4791,-64.24894,0.17868590354919434,2023-12-15 09:13:26.637175
481,4801,-64.24894,0.17958664894104004,2023-12-15 09:13:26.840093
482,4811,-64.24894,0.17782855033874512,2023-12-15 09:13:27.041225
483,4821,-64.24894,0.15531325340270996,2023-12-15 09:13:27.215334
484,4831,-64.24894,0.15177249908447266,2023-12-15 09:13:27.383959
485,4841,-64.24894,0.16792941093444824,2023-12-15 09:13:27.574925
486,4851,-64.24894,0.17673182487487793,2023-12-15 09:13:27.775134
487,4861,-64.24894,0.1758570671081543,2023-12-15 09:13:27.971919
488,4871,-64.24894,0.1835646629333496,2023-12-15 09:13:28.174200
489,4881,-64.24894,0.19347357749938965,2023-12-15 09:13:28.391400
490,4891,-64.24894,0.1895604133605957,2023-12-15 09:13:28.603121
491,4901,-64.24894,0.1600046157836914,2023-12-15 09:13:28.785331
492,4911,-64.24894,0.1619703769683838,2023-12-15 09:13:28.968758
493,4921,-64.24894,0.18018746376037598,2023-12-15 09:13:29.171937
494,4931,-64.24894,0.1673297882080078,2023-12-15 09:13:29.360650
495,4941,-64.24894,0.1743299961090088,2023-12-15 09:13:29.557252
496,4951,-64.24894,0.17803287506103516,2023-12-15 09:13:29.757933
497,4961,-64.24894,0.1748805046081543,2023-12-15 09:13:29.955650
498,4971,-64.24894,0.17854595184326172,2023-12-15 09:13:30.156974
499,4981,-64.24894,0.1770482063293457,2023-12-15 09:13:30.356406
500,4991,-64.24894,0.17496609687805176,2023-12-15 09:13:30.553779
501,5001,-64.24894,0.16121983528137207,2023-12-15 09:13:30.734881
502,5011,-64.24894,0.17716455459594727,2023-12-15 09:13:30.933269
503,5021,-64.24894,0.1810925006866455,2023-12-15 09:13:31.136091
504,5031,-64.24894,0.18330645561218262,2023-12-15 09:13:31.341660
505,5041,-64.24894,0.16831207275390625,2023-12-15 09:13:31.533388
506,5051,-64.24894,0.16147255897521973,2023-12-15 09:13:31.713533
507,5061,-64.24894,0.17351150512695312,2023-12-15 09:13:31.909150
508,5071,-64.24894,0.18070268630981445,2023-12-15 09:13:32.112270
509,5081,-64.24894,0.1723778247833252,2023-12-15 09:13:32.307791
510,5091,-64.24894,0.16322112083435059,2023-12-15 09:13:32.493142
511,5101,-64.24894,0.1676793098449707,2023-12-15 09:13:32.677432
512,5111,-64.24894,0.18555045127868652,2023-12-15 09:13:32.886019
513,5121,-64.24894,0.1822340488433838,2023-12-15 09:13:33.090701
514,5131,-64.24894,0.1934821605682373,2023-12-15 09:13:33.307791
515,5141,-64.24894,0.18914341926574707,2023-12-15 09:13:33.513634
516,5151,-64.24894,0.19088983535766602,2023-12-15 09:13:33.727529
517,5161,-64.24894,0.1845560073852539,2023-12-15 09:13:33.934889
518,5171,-64.24894,0.19766998291015625,2023-12-15 09:13:34.155656
519,5181,-64.24894,0.16117215156555176,2023-12-15 09:13:34.337961
520,5191,-64.24894,0.18448400497436523,2023-12-15 09:13:34.544357
521,5201,-64.24894,0.1737818717956543,2023-12-15 09:13:34.739919
522,5211,-64.24894,0.17323541641235352,2023-12-15 09:13:34.930149
523,5221,-64.24894,0.18982219696044922,2023-12-15 09:13:35.142092
524,5231,-64.24894,0.1872413158416748,2023-12-15 09:13:35.353934
525,5241,-64.24894,0.18188858032226562,2023-12-15 09:13:35.552954
526,5251,-64.24894,0.17945384979248047,2023-12-15 09:13:35.754631
527,5261,-64.24894,0.1815357208251953,2023-12-15 09:13:35.958644
528,5271,-64.24894,0.1835494041442871,2023-12-15 09:13:36.164677
529,5281,-64.24894,0.17510414123535156,2023-12-15 09:13:36.365264
530,5291,-64.24894,0.18050336837768555,2023-12-15 09:13:36.568515
531,5301,-64.24894,0.17277121543884277,2023-12-15 09:13:36.764237
532,5311,-64.24894,0.17458295822143555,2023-12-15 09:13:36.955437
533,5321,-64.24894,0.17371582984924316,2023-12-15 09:13:37.151553
534,5331,-64.24894,0.17971467971801758,2023-12-15 09:13:37.351654
535,5341,-64.24894,0.18242597579956055,2023-12-15 09:13:37.557333
536,5351,-64.24894,0.18006134033203125,2023-12-15 09:13:37.756371
537,5361,-64.24894,0.17560219764709473,2023-12-15 09:13:37.951740
538,5371,-64.24894,0.18564534187316895,2023-12-15 09:13:38.159568
539,5381,-64.24894,0.20560336112976074,2023-12-15 09:13:38.387543
540,5391,-64.24894,0.17849302291870117,2023-12-15 09:13:38.588291
541,5401,-64.24894,0.16526246070861816,2023-12-15 09:13:38.770134
542,5411,-64.24894,0.19295144081115723,2023-12-15 09:13:38.981737
543,5421,-64.24894,0.17938518524169922,2023-12-15 09:13:39.183738
544,5431,-64.24894,0.17597198486328125,2023-12-15 09:13:39.381214
545,5441,-64.24894,0.17537331581115723,2023-12-15 09:13:39.573776
546,5451,-64.24894,0.18671274185180664,2023-12-15 09:13:39.782662
547,5461,-64.24894,0.1692643165588379,2023-12-15 09:13:39.972050
548,5471,-64.24894,0.1658320426940918,2023-12-15 09:13:40.163435
549,5481,-64.24894,0.17469263076782227,2023-12-15 09:13:40.357399
550,5491,-64.24894,0.16307711601257324,2023-12-15 09:13:40.542784
551,5501,-64.24894,0.17687344551086426,2023-12-15 09:13:40.736625
552,5511,-64.24894,0.1835634708404541,2023-12-15 09:13:40.942211
553,5521,-64.24894,0.17553496360778809,2023-12-15 09:13:41.138016
554,5531,-64.24894,0.15085506439208984,2023-12-15 09:13:41.313605
555,5541,-64.24894,0.17077875137329102,2023-12-15 09:13:41.502111
556,5551,-64.24894,0.1808757781982422,2023-12-15 09:13:41.705715
557,5561,-64.24894,0.19073796272277832,2023-12-15 09:13:41.919339
558,5571,-64.24894,0.1721198558807373,2023-12-15 09:13:42.113548
559,5581,-64.24894,0.17904877662658691,2023-12-15 09:13:42.314672
560,5591,-64.24894,0.18624520301818848,2023-12-15 09:13:42.524761
561,5601,-64.24894,0.17702889442443848,2023-12-15 09:13:42.723701
562,5611,-64.24894,0.18709802627563477,2023-12-15 09:13:42.933299
563,5621,-64.24894,0.17050457000732422,2023-12-15 09:13:43.126119
564,5631,-64.24894,0.1687319278717041,2023-12-15 09:13:43.318955
565,5641,-64.24894,0.17605924606323242,2023-12-15 09:13:43.517354
566,5651,-64.24894,0.15955877304077148,2023-12-15 09:13:43.699841
567,5661,-64.24894,0.17901134490966797,2023-12-15 09:13:43.897415
568,5671,-64.24894,0.15468168258666992,2023-12-15 09:13:44.071330
569,5681,-64.24894,0.18487310409545898,2023-12-15 09:13:44.279102
570,5691,-64.24894,0.16720247268676758,2023-12-15 09:13:44.469475
571,5701,-64.24894,0.20504999160766602,2023-12-15 09:13:44.697815
572,5711,-64.24894,0.18199706077575684,2023-12-15 09:13:44.902541
573,5721,-64.24894,0.18549656867980957,2023-12-15 09:13:45.110765
574,5731,-64.24894,0.1891193389892578,2023-12-15 09:13:45.322522
575,5741,-64.24894,0.18304729461669922,2023-12-15 09:13:45.528476
576,5751,-64.24894,0.17964506149291992,2023-12-15 09:13:45.730235
577,5761,-64.24894,0.1893932819366455,2023-12-15 09:13:45.942080
578,5771,-64.24894,0.17722487449645996,2023-12-15 09:13:46.142211
579,5781,-64.24894,0.16465163230895996,2023-12-15 09:13:46.329064
580,5791,-64.24894,0.17240142822265625,2023-12-15 09:13:46.524015
581,5801,-64.24894,0.16534090042114258,2023-12-15 09:13:46.706127
582,5811,-64.24894,0.16389060020446777,2023-12-15 09:13:46.892198
583,5821,-64.24894,0.17616796493530273,2023-12-15 09:13:47.085737
584,5831,-64.24894,0.17440319061279297,2023-12-15 09:13:47.282537
585,5841,-64.24894,0.17880582809448242,2023-12-15 09:13:47.484111
586,5851,-64.24894,0.19423508644104004,2023-12-15 09:13:47.701471
587,5861,-64.24894,0.18600821495056152,2023-12-15 09:13:47.910322
588,5871,-64.24894,0.18633270263671875,2023-12-15 09:13:48.121111
589,5881,-64.24894,0.1892843246459961,2023-12-15 09:13:48.334230
590,5891,-64.24894,0.17320823669433594,2023-12-15 09:13:48.530085
591,5901,-64.24894,0.1834700107574463,2023-12-15 09:13:48.735055
592,5911,-64.24894,0.18027091026306152,2023-12-15 09:13:48.937025
593,5921,-64.24894,0.1840674877166748,2023-12-15 09:13:49.143596
594,5931,-64.24894,0.17588186264038086,2023-12-15 09:13:49.341608
595,5941,-64.24894,0.20414328575134277,2023-12-15 09:13:49.568257
596,5951,-64.24894,0.1663830280303955,2023-12-15 09:13:49.753436
597,5961,-64.24894,0.17705655097961426,2023-12-15 09:13:49.952636
598,5971,-64.24894,0.18001079559326172,2023-12-15 09:13:50.155038
599,5981,-64.24894,0.19772577285766602,2023-12-15 09:13:50.375110
600,5991,-64.24894,0.19380569458007812,2023-12-15 09:13:50.590970
601,6001,-64.24894,0.16700243949890137,2023-12-15 09:13:50.780299
602,6011,-64.24894,0.19232797622680664,2023-12-15 09:13:50.997481
603,6021,-64.24894,0.2042093276977539,2023-12-15 09:13:51.222604
604,6031,-64.24894,0.16895222663879395,2023-12-15 09:13:51.409276
605,6041,-64.24894,0.1762094497680664,2023-12-15 09:13:51.602999
606,6051,-64.24894,0.18995046615600586,2023-12-15 09:13:51.815200
607,6061,-64.24894,0.1767265796661377,2023-12-15 09:13:52.015051
608,6071,-64.24894,0.18726873397827148,2023-12-15 09:13:52.224833
609,6081,-64.24894,0.18007612228393555,2023-12-15 09:13:52.427003
610,6091,-64.24894,0.17092251777648926,2023-12-15 09:13:52.624734
611,6101,-64.24894,0.19350934028625488,2023-12-15 09:13:52.836861
612,6111,-64.24894,0.18310141563415527,2023-12-15 09:13:53.043514
613,6121,-64.24894,0.17763829231262207,2023-12-15 09:13:53.244467
614,6131,-64.24894,0.16813421249389648,2023-12-15 09:13:53.435652
615,6141,-64.24894,0.17744922637939453,2023-12-15 09:13:53.632043
616,6151,-64.24894,0.18912982940673828,2023-12-15 09:13:53.845605
617,6161,-64.24894,0.18259239196777344,2023-12-15 09:13:54.050421
618,6171,-64.24894,0.20432424545288086,2023-12-15 09:13:54.277634
619,6181,-64.24894,0.1857771873474121,2023-12-15 09:13:54.488736
620,6191,-64.24894,0.18085956573486328,2023-12-15 09:13:54.692688
621,6201,-64.24894,0.18292450904846191,2023-12-15 09:13:54.899146
622,6211,-64.24894,0.19015955924987793,2023-12-15 09:13:55.112334
623,6221,-64.24894,0.1736164093017578,2023-12-15 09:13:55.308625
624,6231,-64.24894,0.15746331214904785,2023-12-15 09:13:55.482963
625,6241,-64.24894,0.1688539981842041,2023-12-15 09:13:55.669662
626,6251,-64.24894,0.18130946159362793,2023-12-15 09:13:55.873624
627,6261,-64.24894,0.1866772174835205,2023-12-15 09:13:56.082758
628,6271,-64.24894,0.19879770278930664,2023-12-15 09:13:56.303812
629,6281,-64.24894,0.16788458824157715,2023-12-15 09:13:56.494334
630,6291,-64.24894,0.16689801216125488,2023-12-15 09:13:56.682114
631,6301,-64.24894,0.17967510223388672,2023-12-15 09:13:56.878618
632,6311,-64.24894,0.18060541152954102,2023-12-15 09:13:57.082219
633,6321,-64.24894,0.1698322296142578,2023-12-15 09:13:57.273610
634,6331,-64.24894,0.18844294548034668,2023-12-15 09:13:57.484685
635,6341,-64.24894,0.1746962070465088,2023-12-15 09:13:57.680754
636,6351,-64.24894,0.18111586570739746,2023-12-15 09:13:57.878963
637,6361,-64.24894,0.1579723358154297,2023-12-15 09:13:58.055936
638,6371,-64.24894,0.17614984512329102,2023-12-15 09:13:58.250453
639,6381,-64.24894,0.18184232711791992,2023-12-15 09:13:58.455354
640,6391,-64.24894,0.16518497467041016,2023-12-15 09:13:58.639310
641,6401,-64.24894,0.1759626865386963,2023-12-15 09:13:58.835647
642,6411,-64.24894,0.16576290130615234,2023-12-15 09:13:59.023957
643,6421,-64.24894,0.17204809188842773,2023-12-15 09:13:59.217684
644,6431,-64.24894,0.18436050415039062,2023-12-15 09:13:59.421194
645,6441,-64.24894,0.1565384864807129,2023-12-15 09:13:59.595305
646,6451,-64.24894,0.1750633716583252,2023-12-15 09:13:59.791729
647,6461,-64.24894,0.20315337181091309,2023-12-15 09:14:00.015562
648,6471,-64.24894,0.18885469436645508,2023-12-15 09:14:00.227060
649,6481,-64.24894,0.17554712295532227,2023-12-15 09:14:00.420321
650,6491,-64.24894,0.1769421100616455,2023-12-15 09:14:00.616728
651,6501,-64.24894,0.1732628345489502,2023-12-15 09:14:00.808619
652,6511,-64.24894,0.17455768585205078,2023-12-15 09:14:01.005699
653,6521,-64.24894,0.17206573486328125,2023-12-15 09:14:01.198876
654,6531,-64.24894,0.1636335849761963,2023-12-15 09:14:01.383886
655,6541,-64.24894,0.17441034317016602,2023-12-15 09:14:01.577973
656,6551,-64.24894,0.1720571517944336,2023-12-15 09:14:01.772570
657,6561,-64.24894,0.1642441749572754,2023-12-15 09:14:01.959363
658,6571,-64.24894,0.16881656646728516,2023-12-15 09:14:02.151051
659,6581,-64.24894,0.1789097785949707,2023-12-15 09:14:02.347368
660,6591,-64.24894,0.17411184310913086,2023-12-15 09:14:02.539399
661,6601,-64.24894,0.17435765266418457,2023-12-15 09:14:02.731103
662,6611,-64.24894,0.17544341087341309,2023-12-15 09:14:02.929133
663,6621,-64.24894,0.17181611061096191,2023-12-15 09:14:03.124136
664,6631,-64.24894,0.17980527877807617,2023-12-15 09:14:03.323849
665,6641,-64.24894,0.1803138256072998,2023-12-15 09:14:03.526559
666,6651,-64.24894,0.19063878059387207,2023-12-15 09:14:03.739096
667,6661,-64.24894,0.18425846099853516,2023-12-15 09:14:03.945232
668,6671,-64.24894,0.18004465103149414,2023-12-15 09:14:04.144972
669,6681,-64.24894,0.1770784854888916,2023-12-15 09:14:04.342361
670,6691,-64.24894,0.1707134246826172,2023-12-15 09:14:04.536119
671,6701,-64.24894,0.1812131404876709,2023-12-15 09:14:04.741154
672,6711,-64.24894,0.17886877059936523,2023-12-15 09:14:04.939577
673,6721,-64.24894,0.17947673797607422,2023-12-15 09:14:05.141504
674,6731,-64.24894,0.17639899253845215,2023-12-15 09:14:05.340622
675,6741,-64.24894,0.1764209270477295,2023-12-15 09:14:05.539655
676,6751,-64.24894,0.1732921600341797,2023-12-15 09:14:05.729181
677,6761,-64.24894,0.1728525161743164,2023-12-15 09:14:05.920580
678,6771,-64.24894,0.17884278297424316,2023-12-15 09:14:06.121280
679,6781,-64.24894,0.17650914192199707,2023-12-15 09:14:06.320425
680,6791,-64.24894,0.17566752433776855,2023-12-15 09:14:06.518575
681,6801,-64.24894,0.16770577430725098,2023-12-15 09:14:06.708879
682,6811,-64.24894,0.19420409202575684,2023-12-15 09:14:06.925480
683,6821,-64.24894,0.16785383224487305,2023-12-15 09:14:07.111057
684,6831,-64.24894,0.17977643013000488,2023-12-15 09:14:07.313508
685,6841,-64.24894,0.15767979621887207,2023-12-15 09:14:07.489980
686,6851,-64.24894,0.16093111038208008,2023-12-15 09:14:07.670921
687,6861,-64.24894,0.17015910148620605,2023-12-15 09:14:07.860408
688,6871,-64.24894,0.17077302932739258,2023-12-15 09:14:08.049288
689,6881,-64.24894,0.16694903373718262,2023-12-15 09:14:08.241635
690,6891,-64.24894,0.17445015907287598,2023-12-15 09:14:08.432936
691,6901,-64.24894,0.1693134307861328,2023-12-15 09:14:08.625290
692,6911,-64.24894,0.1660470962524414,2023-12-15 09:14:08.815039
693,6921,-64.24894,0.183837890625,2023-12-15 09:14:09.022420
694,6931,-64.24894,0.16262459754943848,2023-12-15 09:14:09.207780
695,6941,-64.24894,0.16898393630981445,2023-12-15 09:14:09.398180
696,6951,-64.24894,0.1748485565185547,2023-12-15 09:14:09.592384
697,6961,-64.24894,0.18056917190551758,2023-12-15 09:14:09.796041
698,6971,-64.24894,0.1773362159729004,2023-12-15 09:14:09.995952
699,6981,-64.24894,0.18210864067077637,2023-12-15 09:14:10.201281
700,6991,-64.24894,0.18749165534973145,2023-12-15 09:14:10.411263
701,7001,-64.24894,0.19299817085266113,2023-12-15 09:14:10.627261
702,7011,-64.24894,0.1831192970275879,2023-12-15 09:14:10.827854
703,7021,-64.24894,0.19961786270141602,2023-12-15 09:14:11.050117
704,7031,-64.24894,0.15763330459594727,2023-12-15 09:14:11.230951
705,7041,-64.24894,0.1715235710144043,2023-12-15 09:14:11.425863
706,7051,-64.24894,0.18404269218444824,2023-12-15 09:14:11.631520
707,7061,-64.24894,0.17287731170654297,2023-12-15 09:14:11.827259
708,7071,-64.24894,0.1686725616455078,2023-12-15 09:14:12.018383
709,7081,-64.24894,0.17826461791992188,2023-12-15 09:14:12.218224
710,7091,-64.24894,0.18050789833068848,2023-12-15 09:14:12.421222
711,7101,-64.24894,0.1755373477935791,2023-12-15 09:14:12.620013
712,7111,-64.24894,0.17775201797485352,2023-12-15 09:14:12.820772
713,7121,-64.24894,0.18249130249023438,2023-12-15 09:14:13.025674
714,7131,-64.24894,0.16535210609436035,2023-12-15 09:14:13.213722
715,7141,-64.24894,0.18036484718322754,2023-12-15 09:14:13.417828
716,7151,-64.24894,0.19139480590820312,2023-12-15 09:14:13.632610
717,7161,-64.24894,0.1886141300201416,2023-12-15 09:14:13.843568
718,7171,-64.24894,0.19071722030639648,2023-12-15 09:14:14.058255
719,7181,-64.24894,0.17177462577819824,2023-12-15 09:14:14.259630
720,7191,-64.24894,0.16863059997558594,2023-12-15 09:14:14.448586
721,7201,-64.24894,0.1848304271697998,2023-12-15 09:14:14.654203
722,7211,-64.24894,0.18543267250061035,2023-12-15 09:14:14.862427
723,7221,-64.24894,0.18460297584533691,2023-12-15 09:14:15.065385
724,7231,-64.24894,0.16964149475097656,2023-12-15 09:14:15.252984
725,7241,-64.24894,0.17803025245666504,2023-12-15 09:14:15.453969
726,7251,-64.24894,0.17538142204284668,2023-12-15 09:14:15.651575
727,7261,-64.24894,0.17540550231933594,2023-12-15 09:14:15.849263
728,7271,-64.24894,0.19605541229248047,2023-12-15 09:14:16.067077
729,7281,-64.24894,0.16528034210205078,2023-12-15 09:14:16.255586
730,7291,-64.24894,0.16966795921325684,2023-12-15 09:14:16.445312
731,7301,-64.24894,0.16615867614746094,2023-12-15 09:14:16.630529
732,7311,-64.24894,0.18759846687316895,2023-12-15 09:14:16.834783
733,7321,-64.24894,0.18200087547302246,2023-12-15 09:14:17.036704
734,7331,-64.24894,0.16807889938354492,2023-12-15 09:14:17.225209
735,7341,-64.24894,0.1937253475189209,2023-12-15 09:14:17.442190
736,7351,-64.24894,0.17084956169128418,2023-12-15 09:14:17.634969
737,7361,-64.24894,0.17716121673583984,2023-12-15 09:14:17.834557
738,7371,-64.24894,0.17689895629882812,2023-12-15 09:14:18.033572
739,7381,-64.24894,0.16830086708068848,2023-12-15 09:14:18.221731
740,7391,-64.24894,0.18217897415161133,2023-12-15 09:14:18.420618
741,7401,-64.24894,0.1851809024810791,2023-12-15 09:14:18.628885
742,7411,-64.24894,0.1822035312652588,2023-12-15 09:14:18.834117
743,7421,-64.24894,0.17905735969543457,2023-12-15 09:14:19.036352
744,7431,-64.24894,0.17165541648864746,2023-12-15 09:14:19.231223
745,7441,-64.24894,0.20040631294250488,2023-12-15 09:14:19.454933
746,7451,-64.24894,0.18342161178588867,2023-12-15 09:14:19.785555
747,7461,-64.24894,0.17284655570983887,2023-12-15 09:14:19.976115
748,7471,-64.24894,0.17569828033447266,2023-12-15 09:14:20.173085
749,7481,-64.24894,0.176802396774292,2023-12-15 09:14:20.372683
750,7491,-64.24894,0.16124916076660156,2023-12-15 09:14:20.557379
751,7501,-64.24894,0.17218589782714844,2023-12-15 09:14:20.751952
752,7511,-64.24894,0.18487334251403809,2023-12-15 09:14:20.954884
753,7521,-64.24894,0.1764676570892334,2023-12-15 09:14:21.154195
754,7531,-64.24894,0.18411970138549805,2023-12-15 09:14:21.361142
755,7541,-64.24894,0.1686694622039795,2023-12-15 09:14:21.548492
756,7551,-64.24894,0.17948436737060547,2023-12-15 09:14:21.745767
757,7561,-64.24894,0.16429448127746582,2023-12-15 09:14:21.932692
758,7571,-64.24894,0.1781926155090332,2023-12-15 09:14:22.130590
759,7581,-64.24894,0.1703357696533203,2023-12-15 09:14:22.323706
760,7591,-64.24894,0.17190194129943848,2023-12-15 09:14:22.515715
761,7601,-64.24894,0.18903636932373047,2023-12-15 09:14:22.727532
762,7611,-64.24894,0.17481660842895508,2023-12-15 09:14:22.926537
763,7621,-64.24894,0.17933011054992676,2023-12-15 09:14:23.127999
764,7631,-64.24894,0.1953425407409668,2023-12-15 09:14:23.346175
765,7641,-64.24894,0.16940546035766602,2023-12-15 09:14:23.538158
766,7651,-64.24894,0.18004083633422852,2023-12-15 09:14:23.736124
767,7661,-64.24894,0.17539453506469727,2023-12-15 09:14:23.934835
768,7671,-64.24894,0.18112540245056152,2023-12-15 09:14:24.138901
769,7681,-64.24894,0.1776418685913086,2023-12-15 09:14:24.339310
770,7691,-64.24894,0.18444418907165527,2023-12-15 09:14:24.546389
771,7701,-64.24894,0.16722726821899414,2023-12-15 09:14:24.734424
772,7711,-64.24894,0.17685985565185547,2023-12-15 09:14:24.932093
773,7721,-64.24894,0.17141151428222656,2023-12-15 09:14:25.126757
774,7731,-64.24894,0.16954851150512695,2023-12-15 09:14:25.320206
775,7741,-64.24894,0.17441177368164062,2023-12-15 09:14:25.518503
776,7751,-64.24894,0.182234525680542,2023-12-15 09:14:25.720216
777,7761,-64.24894,0.17506170272827148,2023-12-15 09:14:25.916475
778,7771,-64.24894,0.1753389835357666,2023-12-15 09:14:26.111690
779,7781,-64.24894,0.1867213249206543,2023-12-15 09:14:26.316772
780,7791,-64.24894,0.16343450546264648,2023-12-15 09:14:26.497004
781,7801,-64.24894,0.1800858974456787,2023-12-15 09:14:26.694709
782,7811,-64.24894,0.1752934455871582,2023-12-15 09:14:26.887186
783,7821,-64.24894,0.18390488624572754,2023-12-15 09:14:27.093325
784,7831,-64.24894,0.1803569793701172,2023-12-15 09:14:27.298339
785,7841,-64.24894,0.21638846397399902,2023-12-15 09:14:27.539290
786,7851,-64.24894,0.19138073921203613,2023-12-15 09:14:27.752803
787,7861,-64.24894,0.1744976043701172,2023-12-15 09:14:27.944580
788,7871,-64.24894,0.1682906150817871,2023-12-15 09:14:28.135569
789,7881,-64.24894,0.2211320400238037,2023-12-15 09:14:28.380768
790,7891,-64.24894,0.18311810493469238,2023-12-15 09:14:28.586129
791,7901,-64.24894,0.16292548179626465,2023-12-15 09:14:28.772006
792,7911,-64.24894,0.1755528450012207,2023-12-15 09:14:28.970518
793,7921,-64.24894,0.1925809383392334,2023-12-15 09:14:29.180734
794,7931,-64.24894,0.14885497093200684,2023-12-15 09:14:29.351225
795,7941,-64.24894,0.16110897064208984,2023-12-15 09:14:29.529275
796,7951,-64.24894,0.19822216033935547,2023-12-15 09:14:29.749773
797,7961,-64.24894,0.17347240447998047,2023-12-15 09:14:29.946057
798,7971,-64.24894,0.17912840843200684,2023-12-15 09:14:30.146835
799,7981,-64.24894,0.1704854965209961,2023-12-15 09:14:30.340356
800,7991,-64.24894,0.17838716506958008,2023-12-15 09:14:30.541022
801,8001,-64.24894,0.18376469612121582,2023-12-15 09:14:30.744843
802,8011,-64.24894,0.17496323585510254,2023-12-15 09:14:30.944120
803,8021,-64.24894,0.17322969436645508,2023-12-15 09:14:31.145045
804,8031,-64.24894,0.16579890251159668,2023-12-15 09:14:31.333626
805,8041,-64.24894,0.18509674072265625,2023-12-15 09:14:31.536007
806,8051,-64.24894,0.17734527587890625,2023-12-15 09:14:31.736612
807,8061,-64.24894,0.1742115020751953,2023-12-15 09:14:31.933810
808,8071,-64.24894,0.1563243865966797,2023-12-15 09:14:32.107016
809,8081,-64.24894,0.16003012657165527,2023-12-15 09:14:32.287078
810,8091,-64.24894,0.17505908012390137,2023-12-15 09:14:32.484049
811,8101,-64.24894,0.19351840019226074,2023-12-15 09:14:32.695394
812,8111,-64.24894,0.18156075477600098,2023-12-15 09:14:32.900091
813,8121,-64.24894,0.20862436294555664,2023-12-15 09:14:33.129549
814,8131,-64.24894,0.18384051322937012,2023-12-15 09:14:33.336106
815,8141,-64.24894,0.19626355171203613,2023-12-15 09:14:33.556209
816,8151,-64.24894,0.20403432846069336,2023-12-15 09:14:33.784164
817,8161,-64.24894,0.1805417537689209,2023-12-15 09:14:33.988709
818,8171,-64.24894,0.18564701080322266,2023-12-15 09:14:34.194383
819,8181,-64.24894,0.18329191207885742,2023-12-15 09:14:34.399451
820,8191,-64.24894,0.16977930068969727,2023-12-15 09:14:34.586715
821,8201,-64.24894,0.15267300605773926,2023-12-15 09:14:34.760129
822,8211,-64.24894,0.17082977294921875,2023-12-15 09:14:34.953489
823,8221,-64.24894,0.18050909042358398,2023-12-15 09:14:35.156401
824,8231,-64.24894,0.16715049743652344,2023-12-15 09:14:35.343236
825,8241,-64.24894,0.1767256259918213,2023-12-15 09:14:35.539140
826,8251,-64.24894,0.1765451431274414,2023-12-15 09:14:35.735531
827,8261,-64.24894,0.1783311367034912,2023-12-15 09:14:35.934110
828,8271,-64.24894,0.19431471824645996,2023-12-15 09:14:36.150413
829,8281,-64.24894,0.1761946678161621,2023-12-15 09:14:36.350673
830,8291,-64.24894,0.17807865142822266,2023-12-15 09:14:36.544571
831,8301,-64.24894,0.18033504486083984,2023-12-15 09:14:36.745176
832,8311,-64.24894,0.17620587348937988,2023-12-15 09:14:36.944388
833,8321,-64.24894,0.1767134666442871,2023-12-15 09:14:37.144648
834,8331,-64.24894,0.17082929611206055,2023-12-15 09:14:37.338536
835,8341,-64.24894,0.16697978973388672,2023-12-15 09:14:37.528485
836,8351,-64.24894,0.17003440856933594,2023-12-15 09:14:37.720912
837,8361,-64.24894,0.17232060432434082,2023-12-15 09:14:37.915933
838,8371,-64.24894,0.16282129287719727,2023-12-15 09:14:38.098696
839,8381,-64.24894,0.17742109298706055,2023-12-15 09:14:38.298872
840,8391,-64.24894,0.1853342056274414,2023-12-15 09:14:38.507245
841,8401,-64.24894,0.1843247413635254,2023-12-15 09:14:38.713745
842,8411,-64.24894,0.19661450386047363,2023-12-15 09:14:38.934130
843,8421,-64.24894,0.1735684871673584,2023-12-15 09:14:39.126663
844,8431,-64.24894,0.1806347370147705,2023-12-15 09:14:39.325878
845,8441,-64.24894,0.20128273963928223,2023-12-15 09:14:39.550491
846,8451,-64.24894,0.17124104499816895,2023-12-15 09:14:39.744156
847,8461,-64.24894,0.16530656814575195,2023-12-15 09:14:39.932628
848,8471,-64.24894,0.17575335502624512,2023-12-15 09:14:40.124770
849,8481,-64.24894,0.1732020378112793,2023-12-15 09:14:40.319513
850,8491,-64.24894,0.1773838996887207,2023-12-15 09:14:40.519440
851,8501,-64.24894,0.1752631664276123,2023-12-15 09:14:40.717056
852,8511,-64.24894,0.17755746841430664,2023-12-15 09:14:40.916038
853,8521,-64.24894,0.18281173706054688,2023-12-15 09:14:41.116150
854,8531,-64.24894,0.16930723190307617,2023-12-15 09:14:41.305815
855,8541,-64.24894,0.1925678253173828,2023-12-15 09:14:41.520497
856,8551,-64.24894,0.19239187240600586,2023-12-15 09:14:41.736898
857,8561,-64.24894,0.203566312789917,2023-12-15 09:14:41.963626
858,8571,-64.24894,0.17906618118286133,2023-12-15 09:14:42.166451
859,8581,-64.24894,0.19159150123596191,2023-12-15 09:14:42.382354
860,8591,-64.24894,0.18457770347595215,2023-12-15 09:14:42.590688
861,8601,-64.24894,0.17024850845336914,2023-12-15 09:14:42.782848
862,8611,-64.24894,0.16187214851379395,2023-12-15 09:14:42.962499
863,8621,-64.24894,0.1781611442565918,2023-12-15 09:14:43.160909
864,8631,-64.24894,0.17647743225097656,2023-12-15 09:14:43.357588
865,8641,-64.24894,0.17606687545776367,2023-12-15 09:14:43.555895
866,8651,-64.24894,0.1808147430419922,2023-12-15 09:14:43.758751
867,8661,-64.24894,0.20401239395141602,2023-12-15 09:14:43.985647
868,8671,-64.24894,0.19941139221191406,2023-12-15 09:14:44.205135
869,8681,-64.24894,0.19231939315795898,2023-12-15 09:14:44.420281
870,8691,-64.24894,0.1712648868560791,2023-12-15 09:14:44.614272
871,8701,-64.24894,0.17691612243652344,2023-12-15 09:14:44.814027
872,8711,-64.24894,0.17614006996154785,2023-12-15 09:14:45.012306
873,8721,-64.24894,0.1807548999786377,2023-12-15 09:14:45.215810
874,8731,-64.24894,0.17616915702819824,2023-12-15 09:14:45.412703
875,8741,-64.24894,0.17769241333007812,2023-12-15 09:14:45.612935
876,8751,-64.24894,0.1552126407623291,2023-12-15 09:14:45.787945
877,8761,-64.24894,0.18887925148010254,2023-12-15 09:14:45.999784
878,8771,-64.24894,0.16862082481384277,2023-12-15 09:14:46.190980
879,8781,-64.24894,0.16735196113586426,2023-12-15 09:14:46.382222
880,8791,-64.24894,0.1716930866241455,2023-12-15 09:14:46.570819
881,8801,-64.24894,0.1973278522491455,2023-12-15 09:14:46.787629
882,8811,-64.24894,0.1899278163909912,2023-12-15 09:14:46.999972
883,8821,-64.24894,0.18997478485107422,2023-12-15 09:14:47.213080
884,8831,-64.24894,0.17150259017944336,2023-12-15 09:14:47.407536
885,8841,-64.24894,0.17765402793884277,2023-12-15 09:14:47.607174
886,8851,-64.24894,0.17355799674987793,2023-12-15 09:14:47.797968
887,8861,-64.24894,0.18188142776489258,2023-12-15 09:14:48.003330
888,8871,-64.24894,0.16684985160827637,2023-12-15 09:14:48.187612
889,8881,-64.24894,0.1997089385986328,2023-12-15 09:14:48.409631
890,8891,-64.24894,0.17701458930969238,2023-12-15 09:14:48.609305
891,8901,-64.24894,0.18216538429260254,2023-12-15 09:14:48.808317
892,8911,-64.24894,0.19474577903747559,2023-12-15 09:14:49.026146
893,8921,-64.24894,0.1835310459136963,2023-12-15 09:14:49.233860
894,8931,-64.24894,0.17256784439086914,2023-12-15 09:14:49.423855
895,8941,-64.24894,0.1772451400756836,2023-12-15 09:14:49.624042
896,8951,-64.24894,0.18328213691711426,2023-12-15 09:14:49.829938
897,8961,-64.24894,0.19995975494384766,2023-12-15 09:14:50.050756
898,8971,-64.24894,0.1765279769897461,2023-12-15 09:14:50.248866
899,8981,-64.24894,0.1981801986694336,2023-12-15 09:14:50.469980
900,8991,-64.24894,0.16820812225341797,2023-12-15 09:14:50.661180
901,9001,-64.24894,0.1681222915649414,2023-12-15 09:14:50.851923
902,9011,-64.24894,0.18763089179992676,2023-12-15 09:14:51.062051
903,9021,-62.833786,0.1819138526916504,2023-12-15 09:14:51.266165
904,9031,-62.833786,0.1747591495513916,2023-12-15 09:14:51.463552
905,9041,-62.833786,0.17397260665893555,2023-12-15 09:14:51.654662
906,9051,-62.833786,0.17900824546813965,2023-12-15 09:14:51.856596
907,9061,-62.833786,0.17953872680664062,2023-12-15 09:14:52.058783
908,9071,-62.833786,0.1772899627685547,2023-12-15 09:14:52.258394
909,9081,-62.833786,0.17089104652404785,2023-12-15 09:14:52.447126
910,9091,-62.833786,0.18107056617736816,2023-12-15 09:14:52.651298
911,9101,-62.833786,0.17499184608459473,2023-12-15 09:14:52.847101
912,9111,-62.833786,0.17674493789672852,2023-12-15 09:14:53.046377
913,9121,-62.833786,0.1679553985595703,2023-12-15 09:14:53.236919
914,9131,-62.833786,0.17039728164672852,2023-12-15 09:14:53.431227
915,9141,-62.833786,0.186845064163208,2023-12-15 09:14:53.640292
916,9151,-62.833786,0.18511009216308594,2023-12-15 09:14:53.842335
917,9161,-62.833786,0.21178126335144043,2023-12-15 09:14:54.075051
918,9171,-62.833786,0.17941665649414062,2023-12-15 09:14:54.277704
919,9181,-62.833786,0.17896008491516113,2023-12-15 09:14:54.478830
920,9191,-62.833786,0.18385982513427734,2023-12-15 09:14:54.685210
921,9201,-62.833786,0.1810300350189209,2023-12-15 09:14:54.889264
922,9211,-62.833786,0.15876531600952148,2023-12-15 09:14:55.070132
923,9221,-62.833786,0.1747150421142578,2023-12-15 09:14:55.264941
924,9231,-62.833786,0.1863083839416504,2023-12-15 09:14:55.470473
925,9241,-62.833786,0.1594994068145752,2023-12-15 09:14:55.650761
926,9251,-62.833786,0.17488670349121094,2023-12-15 09:14:55.847989
927,9261,-62.833786,0.17360758781433105,2023-12-15 09:14:56.040651
928,9271,-62.833786,0.16229915618896484,2023-12-15 09:14:56.220978
929,9281,-62.833786,0.18232345581054688,2023-12-15 09:14:56.425829
930,9291,-62.833786,0.16675710678100586,2023-12-15 09:14:56.615075
931,9301,-62.833786,0.17360186576843262,2023-12-15 09:14:56.806281
932,9311,-62.833786,0.17797398567199707,2023-12-15 09:14:57.005784
933,9321,-62.833786,0.17452096939086914,2023-12-15 09:14:57.201005
934,9331,-62.833786,0.15256261825561523,2023-12-15 09:14:57.374809
935,9341,-62.833786,0.17789435386657715,2023-12-15 09:14:57.569495
936,9351,-62.833786,0.1961970329284668,2023-12-15 09:14:57.790349
937,9361,-62.833786,0.19237208366394043,2023-12-15 09:14:58.005662
938,9371,-62.833786,0.17877817153930664,2023-12-15 09:14:58.207592
939,9381,-62.833786,0.18268823623657227,2023-12-15 09:14:58.412972
940,9391,-62.833786,0.18473124504089355,2023-12-15 09:14:58.619762
941,9401,-62.833786,0.18501734733581543,2023-12-15 09:14:58.828322
942,9411,-62.833786,0.1918168067932129,2023-12-15 09:14:59.038840
943,9421,-62.833786,0.17929983139038086,2023-12-15 09:14:59.238789
944,9431,-62.833786,0.18076014518737793,2023-12-15 09:14:59.437249
945,9441,-62.833786,0.17995071411132812,2023-12-15 09:14:59.639862
946,9451,-62.833786,0.15315699577331543,2023-12-15 09:14:59.815307
947,9461,-62.833786,0.17418599128723145,2023-12-15 09:15:00.012142
948,9471,-62.833786,0.1858675479888916,2023-12-15 09:15:00.221273
949,9481,-62.833786,0.16869401931762695,2023-12-15 09:15:00.412652
950,9491,-62.833786,0.1744985580444336,2023-12-15 09:15:00.609135
951,9501,-62.833786,0.1650080680847168,2023-12-15 09:15:00.795631
952,9511,-62.833786,0.17677974700927734,2023-12-15 09:15:00.990533
953,9521,-62.833786,0.16925621032714844,2023-12-15 09:15:01.176618
954,9531,-62.833786,0.1765120029449463,2023-12-15 09:15:01.370160
955,9541,-62.833786,0.1911945343017578,2023-12-15 09:15:01.586039
956,9551,-62.833786,0.19049930572509766,2023-12-15 09:15:01.799354
957,9561,-62.833786,0.1936662197113037,2023-12-15 09:15:02.012123
958,9571,-62.833786,0.19278502464294434,2023-12-15 09:15:02.229357
959,9581,-62.833786,0.16773343086242676,2023-12-15 09:15:02.416194
960,9591,-62.833786,0.16994142532348633,2023-12-15 09:15:02.608173
961,9601,-62.833786,0.1827709674835205,2023-12-15 09:15:02.815058
962,9611,-62.833786,0.18409061431884766,2023-12-15 09:15:03.022322
963,9621,-62.833786,0.19440627098083496,2023-12-15 09:15:03.238158
964,9631,-62.833786,0.176041841506958,2023-12-15 09:15:03.436475
965,9641,-62.833786,0.1619868278503418,2023-12-15 09:15:03.622208
966,9651,-62.833786,0.1835331916809082,2023-12-15 09:15:03.827479
967,9661,-62.833786,0.17765092849731445,2023-12-15 09:15:04.027961
968,9671,-62.833786,0.18578028678894043,2023-12-15 09:15:04.236024
969,9681,-62.833786,0.20346665382385254,2023-12-15 09:15:04.462208
970,9691,-62.833786,0.1905655860900879,2023-12-15 09:15:04.675415
971,9701,-62.833786,0.1884899139404297,2023-12-15 09:15:04.887952
972,9711,-62.833786,0.17691564559936523,2023-12-15 09:15:05.083282
973,9721,-62.833786,0.17488837242126465,2023-12-15 09:15:05.281130
974,9731,-62.833786,0.15588736534118652,2023-12-15 09:15:05.456297
975,9741,-62.833786,0.16177940368652344,2023-12-15 09:15:05.636923
976,9751,-62.833786,0.16523408889770508,2023-12-15 09:15:05.824886
977,9761,-62.833786,0.18080997467041016,2023-12-15 09:15:06.027937
978,9771,-62.833786,0.17959904670715332,2023-12-15 09:15:06.229540
979,9781,-62.833786,0.19563770294189453,2023-12-15 09:15:06.448048
980,9791,-62.833786,0.18645048141479492,2023-12-15 09:15:06.657536
981,9801,-62.833786,0.18087100982666016,2023-12-15 09:15:06.862418
982,9811,-62.833786,0.17157602310180664,2023-12-15 09:15:07.051166
983,9821,-62.833786,0.17858195304870605,2023-12-15 09:15:07.253986
984,9831,-62.833786,0.1816868782043457,2023-12-15 09:15:07.458677
985,9841,-62.833786,0.18255901336669922,2023-12-15 09:15:07.663261
986,9851,-62.833786,0.17519021034240723,2023-12-15 09:15:07.860001
987,9861,-62.833786,0.17464280128479004,2023-12-15 09:15:08.056383
988,9871,-62.833786,0.19259953498840332,2023-12-15 09:15:08.271670
989,9881,-62.833786,0.16916728019714355,2023-12-15 09:15:08.461300
990,9891,-62.833786,0.16406011581420898,2023-12-15 09:15:08.647932
991,9901,-62.833786,0.1699075698852539,2023-12-15 09:15:08.836981
992,9911,-62.833786,0.20052123069763184,2023-12-15 09:15:09.058892
993,9921,-62.833786,0.15496063232421875,2023-12-15 09:15:09.230640
994,9931,-62.833786,0.1369166374206543,2023-12-15 09:15:09.384487
995,9941,-62.833786,0.16069674491882324,2023-12-15 09:15:09.560819
996,9951,-62.833786,0.15604519844055176,2023-12-15 09:15:09.736890
997,9961,-62.833786,0.1766810417175293,2023-12-15 09:15:09.929466
998,9971,-62.833786,0.1763138771057129,2023-12-15 09:15:10.128706
999,9981,-62.833786,0.14212489128112793,2023-12-15 09:15:10.295884
1000,9991,-62.833786,0.14227032661437988,2023-12-15 09:15:10.453539
