loop,iteration,qd_score,max_fitness,coverage,time,current_time
1,1,226861.73,451.6702,14.746094,59.906278133392334,2023-12-15 08:39:23.161454
2,11,320490.44,525.4408,20.117188,34.36301350593567,2023-12-15 08:39:57.820404
3,21,457576.75,1038.8713,26.757812,34.59404730796814,2023-12-15 08:40:32.714199
4,31,577904.6,1042.0994,32.51953,34.511462926864624,2023-12-15 08:41:07.525402
5,41,661502.5,1049.0964,36.328125,34.354835510253906,2023-12-15 08:41:42.178009
6,51,737409.4,1053.8088,39.648438,34.67800045013428,2023-12-15 08:42:17.154861
7,61,786795.25,1083.157,41.796875,34.37555766105652,2023-12-15 08:42:51.829988
8,71,834402.8,1172.0709,43.75,34.14668941497803,2023-12-15 08:43:26.278505
9,81,899871.9,1172.0709,46.875,34.43031549453735,2023-12-15 08:44:01.020316
10,91,934749.2,1172.0709,48.339844,34.34719395637512,2023-12-15 08:44:35.695583
11,101,962828.6,1172.0709,49.414062,33.950133323669434,2023-12-15 08:45:09.950366
12,111,994224.06,1172.0709,50.683594,34.71361303329468,2023-12-15 08:45:44.965813
13,121,1015702.4,1172.0709,51.367188,33.936726331710815,2023-12-15 08:46:19.210926
14,131,1037034.25,1172.0709,52.148438,34.452929973602295,2023-12-15 08:46:53.965894
15,141,1060043.0,1172.0709,52.929688,34.37978482246399,2023-12-15 08:47:28.655757
16,151,1086458.9,1172.0709,53.808594,33.86574387550354,2023-12-15 08:48:02.817174
17,161,1103758.0,1172.0709,54.492188,34.28186058998108,2023-12-15 08:48:37.400523
18,171,1115585.0,1172.0709,54.785156,34.46855902671814,2023-12-15 08:49:12.171339
19,181,1136466.2,1172.0709,55.566406,34.37991452217102,2023-12-15 08:49:46.861260
20,191,1153537.0,1172.0709,56.152344,34.66254639625549,2023-12-15 08:50:21.825625
21,201,1164388.8,1172.0709,56.445312,34.86070966720581,2023-12-15 08:50:56.985579
22,211,1179137.1,1172.0709,56.933594,34.45804166793823,2023-12-15 08:51:31.740851
23,221,1188911.8,1235.9436,57.226562,34.56387758255005,2023-12-15 08:52:06.610235
24,231,1202277.9,1235.9436,57.617188,34.65691328048706,2023-12-15 08:52:41.567788
25,241,1214235.0,1235.9436,58.007812,34.6150426864624,2023-12-15 08:53:16.487997
26,251,1224766.6,1235.9436,58.30078,34.42276215553284,2023-12-15 08:53:51.216704
27,261,1243213.0,1235.9436,58.984375,34.686556339263916,2023-12-15 08:54:26.202865
28,271,1253708.4,1235.9436,59.277344,34.38059115409851,2023-12-15 08:55:00.887781
29,281,1261816.4,1235.9436,59.472656,34.316572189331055,2023-12-15 08:55:35.500547
30,291,1276123.2,1235.9436,59.960938,34.43430161476135,2023-12-15 08:56:10.238960
31,301,1285183.2,1235.9436,60.253906,34.229416847229004,2023-12-15 08:56:44.796373
32,311,1292224.5,1235.9436,60.546875,34.42548203468323,2023-12-15 08:57:19.550644
33,321,1295522.2,1270.5114,60.546875,34.14357805252075,2023-12-15 08:57:54.007184
34,331,1300901.2,1270.5114,60.64453,34.69737792015076,2023-12-15 08:58:29.000769
35,341,1307556.5,1270.5114,60.839844,33.93304181098938,2023-12-15 08:59:03.261524
36,351,1316285.1,1270.5114,61.132812,34.33703923225403,2023-12-15 08:59:37.907053
37,361,1318166.5,1270.5114,61.132812,34.2906858921051,2023-12-15 09:00:12.501453
38,371,1329321.2,1270.5114,61.42578,34.4595468044281,2023-12-15 09:00:47.264538
39,381,1341303.8,1270.5114,61.816406,34.69307088851929,2023-12-15 09:01:22.267831
40,391,1344905.9,1270.5114,61.914062,34.08755850791931,2023-12-15 09:01:56.660269
41,401,1352078.6,1270.5114,62.20703,34.286529779434204,2023-12-15 09:02:31.247440
42,411,1355644.2,1270.5114,62.304688,34.2061128616333,2023-12-15 09:03:05.757927
43,421,1361077.0,1270.5114,62.402344,34.583754539489746,2023-12-15 09:03:40.644561
44,431,1366235.0,1270.5114,62.597656,34.17581129074097,2023-12-15 09:04:15.242371
45,441,1371668.8,1270.5114,62.695312,34.35576343536377,2023-12-15 09:04:49.897023
46,451,1377608.0,1270.5114,62.79297,34.081928730010986,2023-12-15 09:05:24.276218
47,461,1381385.0,1270.5114,62.890625,34.10944128036499,2023-12-15 09:05:58.684943
48,471,1386265.0,1270.5114,63.085938,33.74021816253662,2023-12-15 09:06:32.726602
49,481,1392798.8,1270.5114,63.28125,34.28734755516052,2023-12-15 09:07:07.319723
50,491,1396286.5,1270.5114,63.378906,34.125473737716675,2023-12-15 09:07:41.767312
51,501,1398847.0,1270.5114,63.378906,34.772002935409546,2023-12-15 09:08:16.872210
52,511,1406288.4,1270.5114,63.57422,34.59700918197632,2023-12-15 09:08:51.777783
53,521,1407591.4,1270.5114,63.57422,34.493614196777344,2023-12-15 09:09:26.572417
54,531,1412500.2,1270.5114,63.671875,33.991854429244995,2023-12-15 09:10:00.871983
55,541,1415594.2,1270.5114,63.76953,34.82658290863037,2023-12-15 09:10:35.999779
56,551,1425753.0,1270.5114,64.16016,34.19721508026123,2023-12-15 09:11:10.539174
57,561,1432403.5,1270.5114,64.35547,33.740970849990845,2023-12-15 09:11:44.622915
58,571,1436096.8,1270.5114,64.453125,34.11988806724548,2023-12-15 09:12:19.070813
59,581,1437445.0,1270.5114,64.453125,34.239959716796875,2023-12-15 09:12:53.617403
60,591,1438987.6,1270.5114,64.453125,34.02620768547058,2023-12-15 09:13:27.950278
61,601,1439981.5,1270.5114,64.453125,34.361419677734375,2023-12-15 09:14:02.628341
62,611,1448022.4,1270.5114,64.74609,34.06189846992493,2023-12-15 09:14:36.985617
63,621,1450836.1,1270.5114,64.84375,34.782227754592896,2023-12-15 09:15:12.066866
64,631,1457405.8,1270.5114,65.13672,34.12739825248718,2023-12-15 09:15:46.495286
65,641,1458505.5,1270.5114,65.13672,34.19357371330261,2023-12-15 09:16:20.997738
66,651,1462093.5,1270.5114,65.234375,34.084073543548584,2023-12-15 09:16:55.391087
67,661,1468661.0,1270.5114,65.42969,34.56927537918091,2023-12-15 09:17:30.304744
68,671,1471792.8,1270.5114,65.52734,35.066643476486206,2023-12-15 09:18:05.675138
69,681,1474634.1,1270.5114,65.625,34.21090364456177,2023-12-15 09:18:40.185057
70,691,1482881.4,1270.5114,65.82031,34.35529708862305,2023-12-15 09:19:14.872343
71,701,1484370.1,1270.5114,65.82031,34.033207178115845,2023-12-15 09:19:49.202515
72,711,1485956.2,1270.5114,65.82031,34.228349685668945,2023-12-15 09:20:23.726683
73,721,1491230.9,1270.5114,66.015625,34.36932325363159,2023-12-15 09:20:58.421911
74,731,1492231.0,1270.5114,66.015625,34.090219497680664,2023-12-15 09:21:32.812495
75,741,1495075.2,1270.5114,66.11328,34.39573287963867,2023-12-15 09:22:07.507742
76,751,1495914.9,1270.5114,66.11328,34.862263441085815,2023-12-15 09:22:42.671190
77,761,1497467.5,1270.5114,66.11328,34.16274952888489,2023-12-15 09:23:17.133532
78,771,1499667.1,1270.5114,66.11328,34.2635440826416,2023-12-15 09:23:51.727989
79,781,1500041.1,1270.5114,66.11328,34.07367467880249,2023-12-15 09:24:26.102345
80,791,1502618.8,1270.5114,66.21094,34.571730613708496,2023-12-15 09:25:00.983793
81,801,1505114.8,1270.5114,66.21094,34.23066210746765,2023-12-15 09:25:35.510583
82,811,1508692.2,1351.0355,66.30859,33.9714298248291,2023-12-15 09:26:09.782373
83,821,1510885.9,1351.0355,66.30859,34.56849694252014,2023-12-15 09:26:44.662047
84,831,1512390.0,1351.0355,66.30859,34.55690145492554,2023-12-15 09:27:19.529713
85,841,1516259.1,1351.0355,66.40625,34.515809059143066,2023-12-15 09:27:54.343930
86,851,1523420.5,1351.0355,66.69922,34.373737812042236,2023-12-15 09:28:29.013811
87,861,1524325.2,1351.0355,66.69922,34.50876522064209,2023-12-15 09:29:03.819307
88,871,1527870.6,1351.0355,66.796875,34.43774700164795,2023-12-15 09:29:38.567140
89,881,1529169.0,1351.0355,66.796875,33.75244140625,2023-12-15 09:30:12.624814
90,891,1530216.6,1351.0355,66.796875,34.381731271743774,2023-12-15 09:30:47.367028
91,901,1530588.2,1351.0355,66.796875,34.175023794174194,2023-12-15 09:31:21.841315
92,911,1534152.9,1351.0355,66.89453,34.22647261619568,2023-12-15 09:31:56.368655
93,921,1534861.8,1351.0355,66.89453,34.39789581298828,2023-12-15 09:32:31.071846
94,931,1537365.8,1368.8151,66.99219,34.2446768283844,2023-12-15 09:33:05.615730
95,941,1540652.0,1368.8151,67.08984,34.249377727508545,2023-12-15 09:33:40.191890
96,951,1542573.5,1368.8151,67.08984,34.404154539108276,2023-12-15 09:34:14.907288
97,961,1543376.2,1368.8151,67.08984,34.74319291114807,2023-12-15 09:34:49.952545
98,971,1544528.2,1368.8151,67.08984,34.45675230026245,2023-12-15 09:35:24.708765
99,981,1547070.0,1368.8151,67.1875,34.08020544052124,2023-12-15 09:35:59.097372
100,991,1553768.2,1368.8151,67.38281,34.45368552207947,2023-12-15 09:36:33.850759
101,1001,1555130.9,1368.8151,67.38281,34.02028012275696,2023-12-15 09:37:08.197375
102,1011,1556131.4,1368.8151,67.38281,34.41751551628113,2023-12-15 09:37:42.916612
103,1021,1557737.4,1368.8151,67.38281,34.449777126312256,2023-12-15 09:38:17.696366
104,1031,1558369.9,1368.8151,67.38281,34.17954230308533,2023-12-15 09:38:52.185440
105,1041,1559550.2,1368.8151,67.38281,34.51016926765442,2023-12-15 09:39:27.044151
106,1051,1565296.2,1368.8151,67.578125,34.21850872039795,2023-12-15 09:40:01.558178
107,1061,1565592.6,1368.8151,67.578125,33.9586443901062,2023-12-15 09:40:35.830460
108,1071,1572722.0,1368.8151,67.87109,35.0331814289093,2023-12-15 09:41:11.159989
109,1081,1576437.8,1368.8151,67.96875,34.30291390419006,2023-12-15 09:41:45.769423
110,1091,1577344.8,1368.8151,67.96875,33.989723205566406,2023-12-15 09:42:20.059374
111,1101,1578681.4,1368.8151,67.96875,34.18741536140442,2023-12-15 09:42:54.571470
112,1111,1579848.9,1368.8151,67.96875,34.656458377838135,2023-12-15 09:43:29.537402
113,1121,1580783.4,1368.8151,67.96875,34.726444721221924,2023-12-15 09:44:04.635814
114,1131,1582199.4,1368.8151,67.96875,34.420135498046875,2023-12-15 09:44:39.352493
115,1141,1587350.2,1368.8151,68.16406,34.22921323776245,2023-12-15 09:45:13.884395
116,1151,1588467.2,1368.8151,68.16406,34.07862687110901,2023-12-15 09:45:48.263456
117,1161,1591048.4,1368.8151,68.26172,34.37047505378723,2023-12-15 09:46:22.986803
118,1171,1591728.0,1368.8151,68.26172,34.26046299934387,2023-12-15 09:46:57.553583
119,1181,1592767.4,1368.8151,68.26172,33.596415519714355,2023-12-15 09:47:31.453736
120,1191,1595624.0,1368.8151,68.359375,34.279348850250244,2023-12-15 09:48:06.100000
121,1201,1597128.5,1368.8151,68.359375,34.9903507232666,2023-12-15 09:48:41.388472
122,1211,1598360.0,1368.8151,68.359375,34.21044635772705,2023-12-15 09:49:15.917889
123,1221,1601524.2,1368.8151,68.45703,34.66329598426819,2023-12-15 09:49:50.898787
124,1231,1602527.9,1368.8151,68.45703,34.14150404930115,2023-12-15 09:50:25.337560
125,1241,1602850.2,1375.8987,68.45703,33.890777587890625,2023-12-15 09:50:59.560740
126,1251,1606079.8,1375.8987,68.55469,34.40153741836548,2023-12-15 09:51:34.264151
127,1261,1606491.5,1375.8987,68.55469,34.28387475013733,2023-12-15 09:52:08.854125
128,1271,1606721.6,1375.8987,68.55469,34.00287389755249,2023-12-15 09:52:43.160371
129,1281,1609884.0,1375.8987,68.65234,34.3569495677948,2023-12-15 09:53:17.818117
130,1291,1613213.0,1375.8987,68.75,34.0145947933197,2023-12-15 09:53:52.128454
131,1301,1616562.8,1375.8987,68.84766,34.24116897583008,2023-12-15 09:54:26.671767
132,1311,1617315.6,1375.8987,68.84766,34.23362851142883,2023-12-15 09:55:01.214158
133,1321,1622922.2,1375.8987,69.04297,34.1904661655426,2023-12-15 09:55:35.713169
134,1331,1624031.8,1375.8987,69.04297,34.25249910354614,2023-12-15 09:56:10.270027
135,1341,1626921.8,1375.8987,69.140625,34.34497427940369,2023-12-15 09:56:44.927160
136,1351,1627982.2,1375.8987,69.140625,33.83853340148926,2023-12-15 09:57:19.067124
137,1361,1630305.0,1390.9097,69.23828,34.32128548622131,2023-12-15 09:57:53.696507
138,1371,1630363.2,1390.9097,69.23828,34.55337858200073,2023-12-15 09:58:28.553317
139,1381,1633132.6,1390.9097,69.33594,33.87022018432617,2023-12-15 09:59:02.726123
140,1391,1636988.5,1390.9097,69.53125,34.19250226020813,2023-12-15 09:59:37.221452
141,1401,1639609.4,1390.9097,69.62891,34.581502199172974,2023-12-15 10:00:12.103661
142,1411,1640365.6,1390.9097,69.62891,34.67591142654419,2023-12-15 10:00:47.109780
143,1421,1641028.2,1390.9097,69.62891,34.35715174674988,2023-12-15 10:01:21.765547
144,1431,1641523.5,1390.9097,69.62891,34.87671375274658,2023-12-15 10:01:56.942919
145,1441,1644427.8,1390.9097,69.72656,34.58590745925903,2023-12-15 10:02:31.830500
146,1451,1644594.5,1390.9097,69.72656,34.43764925003052,2023-12-15 10:03:06.647550
147,1461,1645652.9,1390.9097,69.72656,34.7002055644989,2023-12-15 10:03:41.652831
148,1471,1646165.5,1390.9097,69.72656,34.444337368011475,2023-12-15 10:04:16.404734
149,1481,1648044.8,1390.9097,69.82422,34.131667613983154,2023-12-15 10:04:50.840233
150,1491,1648382.8,1417.0955,69.82422,34.2801251411438,2023-12-15 10:05:25.423352
151,1501,1650728.0,1417.0955,69.921875,34.132301330566406,2023-12-15 10:05:59.869412
152,1511,1650804.0,1417.0955,69.921875,34.09008264541626,2023-12-15 10:06:34.270623
153,1521,1653684.2,1417.0955,70.01953,34.542600870132446,2023-12-15 10:07:09.113972
154,1531,1653892.0,1417.0955,70.01953,34.20534133911133,2023-12-15 10:07:43.628603
155,1541,1654669.0,1417.0955,70.01953,34.44096636772156,2023-12-15 10:08:18.370071
156,1551,1655372.2,1417.0955,70.01953,34.306556224823,2023-12-15 10:08:52.975240
157,1561,1655740.4,1417.0955,70.01953,34.051514625549316,2023-12-15 10:09:27.333036
158,1571,1656105.2,1417.0955,70.01953,33.9978973865509,2023-12-15 10:10:01.637151
159,1581,1656477.1,1417.0955,70.01953,34.72183346748352,2023-12-15 10:10:36.659353
160,1591,1659215.0,1417.0955,70.11719,34.06002449989319,2023-12-15 10:11:11.020393
161,1601,1661008.0,1417.0955,70.21484,34.35103249549866,2023-12-15 10:11:45.669287
162,1611,1661400.6,1417.0955,70.21484,34.29749274253845,2023-12-15 10:12:20.271745
163,1621,1664235.2,1417.0955,70.3125,34.3681640625,2023-12-15 10:12:54.941629
164,1631,1664409.2,1417.0955,70.3125,34.46072173118591,2023-12-15 10:13:29.707668
165,1641,1669341.2,1417.0955,70.50781,34.33533501625061,2023-12-15 10:14:04.344001
166,1651,1672152.8,1417.0955,70.60547,34.4206178188324,2023-12-15 10:14:39.092649
167,1661,1672496.2,1417.0955,70.60547,34.74753260612488,2023-12-15 10:15:14.142106
168,1671,1674801.2,1417.0955,70.703125,34.323317527770996,2023-12-15 10:15:48.772522
169,1681,1675100.1,1417.0955,70.703125,33.82160949707031,2023-12-15 10:16:22.893866
170,1691,1675862.4,1417.0955,70.703125,34.46650290489197,2023-12-15 10:16:57.666094
171,1701,1676203.6,1417.0955,70.703125,34.16583204269409,2023-12-15 10:17:32.132814
172,1711,1678964.2,1417.0955,70.80078,34.300591468811035,2023-12-15 10:18:06.736007
173,1721,1679423.9,1417.0955,70.80078,34.27716827392578,2023-12-15 10:18:41.317004
174,1731,1681848.5,1417.0955,70.89844,34.068971395492554,2023-12-15 10:19:15.704060
175,1741,1682034.0,1417.0955,70.89844,34.10657620429993,2023-12-15 10:19:50.107137
176,1751,1686346.0,1417.0955,71.09375,34.28427290916443,2023-12-15 10:20:24.690011
177,1761,1686749.2,1417.0955,71.09375,34.97576189041138,2023-12-15 10:20:59.961487
178,1771,1688761.8,1417.0955,71.09375,34.51044797897339,2023-12-15 10:21:34.775375
179,1781,1688914.4,1417.0955,71.09375,34.49454355239868,2023-12-15 10:22:09.673198
180,1791,1689444.8,1417.0955,71.09375,34.26463079452515,2023-12-15 10:22:44.249220
181,1801,1689940.2,1417.0955,71.09375,34.5320508480072,2023-12-15 10:23:19.088106
182,1811,1690109.4,1417.0955,71.09375,34.51828694343567,2023-12-15 10:23:53.905979
183,1821,1690383.0,1417.0955,71.09375,33.774311780929565,2023-12-15 10:24:27.980406
184,1831,1690571.8,1417.0955,71.09375,34.351603746414185,2023-12-15 10:25:02.641845
185,1841,1690902.2,1417.0955,71.09375,34.46832609176636,2023-12-15 10:25:37.415148
186,1851,1691010.4,1417.0955,71.09375,34.262351751327515,2023-12-15 10:26:11.989149
187,1861,1691304.8,1417.0955,71.09375,34.066694259643555,2023-12-15 10:26:46.358861
188,1871,1691714.9,1417.0955,71.09375,34.48594832420349,2023-12-15 10:27:21.180534
189,1881,1692059.2,1417.0955,71.09375,34.6070339679718,2023-12-15 10:27:56.102348
190,1891,1692555.5,1417.0955,71.09375,33.94301795959473,2023-12-15 10:28:30.352726
191,1901,1693347.8,1417.0955,71.09375,34.194764137268066,2023-12-15 10:29:04.848510
192,1911,1693472.0,1417.0955,71.09375,34.43318247795105,2023-12-15 10:29:39.579427
193,1921,1694108.8,1417.0955,71.09375,34.51802849769592,2023-12-15 10:30:14.433598
194,1931,1698435.5,1417.0955,71.28906,34.5213098526001,2023-12-15 10:30:49.256224
195,1941,1699040.9,1417.0955,71.28906,34.59179139137268,2023-12-15 10:31:24.146627
196,1951,1699554.8,1417.0955,71.28906,34.26730799674988,2023-12-15 10:31:58.716064
197,1961,1702104.8,1417.0955,71.38672,34.34343385696411,2023-12-15 10:32:33.358176
198,1971,1704687.4,1417.0955,71.484375,34.69703412055969,2023-12-15 10:33:08.358384
199,1981,1705746.5,1417.0955,71.484375,34.09352350234985,2023-12-15 10:33:42.765726
200,1991,1705973.4,1417.0955,71.484375,34.14968204498291,2023-12-15 10:34:17.247625
201,2001,1706583.8,1417.0955,71.484375,34.34035396575928,2023-12-15 10:34:51.888005
202,2011,1709141.5,1417.0955,71.58203,34.81755590438843,2023-12-15 10:35:27.062068
203,2021,1709185.1,1417.0955,71.58203,33.969549894332886,2023-12-15 10:36:01.329879
204,2031,1709487.2,1417.0955,71.58203,34.096559286117554,2023-12-15 10:36:35.736501
205,2041,1713704.5,1417.0955,71.77734,34.246965408325195,2023-12-15 10:37:10.306702
206,2051,1714000.9,1417.0955,71.77734,34.55966019630432,2023-12-15 10:37:45.183751
207,2061,1714234.9,1417.0955,71.77734,34.454917430877686,2023-12-15 10:38:19.936231
208,2071,1714319.1,1417.0955,71.77734,34.11745023727417,2023-12-15 10:38:54.404960
209,2081,1715020.8,1417.0955,71.77734,34.59803891181946,2023-12-15 10:39:29.300068
210,2091,1717078.9,1417.0955,71.875,34.53789734840393,2023-12-15 10:40:04.149753
211,2101,1717415.0,1417.0955,71.875,34.574934244155884,2023-12-15 10:40:39.020771
212,2111,1717837.5,1417.0955,71.875,34.178746461868286,2023-12-15 10:41:13.497516
213,2121,1719634.5,1417.0955,71.97266,33.908371448516846,2023-12-15 10:41:47.741912
214,2131,1719950.4,1417.0955,71.97266,34.68377637863159,2023-12-15 10:42:22.722181
215,2141,1720124.8,1417.0955,71.97266,34.791020154953,2023-12-15 10:42:57.825608
216,2151,1720339.0,1417.0955,71.97266,35.094239711761475,2023-12-15 10:43:33.229788
217,2161,1722824.5,1417.0955,72.07031,34.396785497665405,2023-12-15 10:44:07.930234
218,2171,1723142.1,1417.0955,72.07031,34.54561495780945,2023-12-15 10:44:42.773593
219,2181,1723342.5,1435.6729,72.07031,34.34035348892212,2023-12-15 10:45:17.412865
220,2191,1723590.8,1435.6729,72.07031,34.371084690093994,2023-12-15 10:45:52.093231
221,2201,1726008.8,1435.6729,72.16797,34.642346143722534,2023-12-15 10:46:27.033298
222,2211,1726263.0,1435.6729,72.16797,34.73509383201599,2023-12-15 10:47:02.066916
223,2221,1726545.8,1435.6729,72.16797,34.41652846336365,2023-12-15 10:47:36.782047
224,2231,1726822.5,1435.6729,72.16797,34.78945326805115,2023-12-15 10:48:11.867516
225,2241,1727217.9,1435.6729,72.16797,34.20896553993225,2023-12-15 10:48:46.431303
226,2251,1729746.1,1435.6729,72.265625,34.41691327095032,2023-12-15 10:49:21.156747
227,2261,1729874.0,1435.6729,72.265625,34.73118734359741,2023-12-15 10:49:56.184390
228,2271,1730137.8,1435.6729,72.265625,34.26667785644531,2023-12-15 10:50:30.756407
229,2281,1730235.5,1435.6729,72.265625,34.516955852508545,2023-12-15 10:51:05.572319
230,2291,1730654.0,1435.6729,72.265625,34.452463150024414,2023-12-15 10:51:40.327279
231,2301,1730767.8,1435.6729,72.265625,34.274324893951416,2023-12-15 10:52:14.907059
232,2311,1732937.8,1435.6729,72.36328,34.59118676185608,2023-12-15 10:52:49.796234
233,2321,1733223.9,1435.6729,72.36328,34.22387385368347,2023-12-15 10:53:24.318019
234,2331,1733321.2,1435.6729,72.36328,34.60278058052063,2023-12-15 10:53:59.234420
235,2341,1733978.2,1435.6729,72.36328,35.00625562667847,2023-12-15 10:54:34.541912
236,2351,1734311.0,1470.0576,72.36328,34.60776090621948,2023-12-15 10:55:09.479174
237,2361,1735059.8,1470.0576,72.36328,34.40960717201233,2023-12-15 10:55:44.284873
238,2371,1737528.8,1470.0576,72.46094,34.23124670982361,2023-12-15 10:56:18.825471
239,2381,1737866.0,1470.0576,72.46094,34.42777967453003,2023-12-15 10:56:53.551719
240,2391,1738331.4,1470.0576,72.46094,34.2295126914978,2023-12-15 10:57:28.092301
241,2401,1741011.2,1470.0576,72.55859,34.22728371620178,2023-12-15 10:58:02.649751
242,2411,1743654.2,1470.0576,72.65625,34.152496576309204,2023-12-15 10:58:37.113079
243,2421,1743874.2,1470.0576,72.65625,34.57158660888672,2023-12-15 10:59:11.987797
244,2431,1744267.0,1470.0576,72.65625,34.5358030796051,2023-12-15 10:59:46.832151
245,2441,1744608.5,1470.0576,72.65625,34.45237421989441,2023-12-15 11:00:21.583397
246,2451,1745068.8,1470.0576,72.65625,34.49778127670288,2023-12-15 11:00:56.392545
247,2461,1747253.5,1470.0576,72.75391,34.320504903793335,2023-12-15 11:01:31.013112
248,2471,1747315.4,1470.0576,72.75391,34.46874785423279,2023-12-15 11:02:05.781327
249,2481,1749628.8,1470.0576,72.85156,34.597535848617554,2023-12-15 11:02:40.676982
250,2491,1749772.9,1470.0576,72.85156,34.5433292388916,2023-12-15 11:03:15.545031
251,2501,1752611.8,1470.0576,72.94922,34.41639423370361,2023-12-15 11:03:50.262170
252,2511,1755217.2,1470.0576,73.046875,34.25491738319397,2023-12-15 11:04:24.824139
253,2521,1755509.2,1470.0576,73.046875,34.56164073944092,2023-12-15 11:04:59.685048
254,2531,1756113.0,1470.0576,73.046875,34.42939019203186,2023-12-15 11:05:34.413910
255,2541,1756268.2,1470.0576,73.046875,34.34747076034546,2023-12-15 11:06:09.064979
256,2551,1756558.8,1470.0576,73.046875,34.94108176231384,2023-12-15 11:06:44.329611
257,2561,1756679.0,1470.0576,73.046875,34.836443185806274,2023-12-15 11:07:19.470132
258,2571,1756874.2,1470.0576,73.046875,34.87663388252258,2023-12-15 11:07:54.657091
259,2581,1757237.2,1470.0576,73.046875,34.31925177574158,2023-12-15 11:08:29.272847
260,2591,1757478.0,1470.0576,73.046875,34.40374517440796,2023-12-15 11:09:03.984507
261,2601,1759853.0,1470.0576,73.14453,34.53314733505249,2023-12-15 11:09:38.816249
262,2611,1760299.2,1470.0576,73.14453,34.061540603637695,2023-12-15 11:10:13.175229
263,2621,1760959.2,1470.0576,73.14453,34.66829824447632,2023-12-15 11:10:48.142532
264,2631,1762313.5,1470.0576,73.14453,34.22841238975525,2023-12-15 11:11:22.682181
265,2641,1762405.8,1470.0576,73.14453,34.83097815513611,2023-12-15 11:11:57.818217
266,2651,1764800.2,1470.0576,73.24219,34.46226668357849,2023-12-15 11:12:32.657414
267,2661,1766962.2,1470.0576,73.33984,34.367164850234985,2023-12-15 11:13:07.323061
268,2671,1767075.8,1470.0576,73.33984,34.435943841934204,2023-12-15 11:13:42.082883
269,2681,1767158.4,1470.0576,73.33984,34.3657066822052,2023-12-15 11:14:16.750261
270,2691,1767408.5,1470.0576,73.33984,34.132980823516846,2023-12-15 11:14:51.199500
271,2701,1767635.0,1470.0576,73.33984,34.74185132980347,2023-12-15 11:15:26.243660
272,2711,1767908.5,1470.0576,73.33984,34.57337999343872,2023-12-15 11:16:01.115902
273,2721,1767996.8,1470.0576,73.33984,34.4759955406189,2023-12-15 11:16:35.912551
274,2731,1768077.0,1470.0576,73.33984,34.20642137527466,2023-12-15 11:17:10.435051
275,2741,1771074.2,1470.0576,73.4375,34.17918086051941,2023-12-15 11:17:44.943507
276,2751,1771598.9,1470.0576,73.4375,34.62467384338379,2023-12-15 11:18:19.865546
277,2761,1771598.9,1470.0576,73.4375,34.00207281112671,2023-12-15 11:18:54.204461
278,2771,1771686.6,1470.0576,73.4375,34.37960720062256,2023-12-15 11:19:28.975941
279,2781,1774227.8,1470.0576,73.53516,34.03101587295532,2023-12-15 11:20:03.305400
280,2791,1774265.2,1470.0576,73.53516,34.38242483139038,2023-12-15 11:20:37.994280
281,2801,1774314.2,1470.0576,73.53516,34.240761041641235,2023-12-15 11:21:12.546823
282,2811,1774554.1,1470.0576,73.53516,34.46757745742798,2023-12-15 11:21:47.314762
283,2821,1774746.5,1470.0576,73.53516,34.54352593421936,2023-12-15 11:22:22.169613
284,2831,1775247.9,1470.0576,73.53516,34.2521550655365,2023-12-15 11:22:56.718867
285,2841,1775388.5,1470.0576,73.53516,34.51314330101013,2023-12-15 11:23:31.533283
286,2851,1775609.5,1470.0576,73.53516,34.349151372909546,2023-12-15 11:24:06.193479
287,2861,1775863.6,1470.0576,73.53516,34.12544870376587,2023-12-15 11:24:40.617151
288,2871,1776164.5,1470.0576,73.53516,34.48213052749634,2023-12-15 11:25:15.479118
289,2881,1776179.5,1470.0576,73.53516,34.81912183761597,2023-12-15 11:25:50.652335
290,2891,1776236.6,1470.0576,73.53516,34.55005431175232,2023-12-15 11:26:25.500066
291,2901,1776253.5,1470.0576,73.53516,34.38795280456543,2023-12-15 11:27:00.189294
292,2911,1778572.1,1470.0576,73.63281,34.098103761672974,2023-12-15 11:27:34.584404
293,2921,1779030.8,1470.0576,73.63281,34.37738299369812,2023-12-15 11:28:09.265732
294,2931,1779206.0,1470.0576,73.63281,34.332371950149536,2023-12-15 11:28:43.895422
295,2941,1779463.6,1470.0576,73.63281,34.48215913772583,2023-12-15 11:29:18.682463
296,2951,1779724.8,1470.0576,73.63281,34.12802004814148,2023-12-15 11:29:53.152603
297,2961,1779768.1,1470.0576,73.63281,34.3336455821991,2023-12-15 11:30:27.826624
298,2971,1779774.1,1470.0576,73.63281,34.36429691314697,2023-12-15 11:31:02.516300
299,2981,1779942.6,1470.0576,73.63281,34.23086142539978,2023-12-15 11:31:37.048957
300,2991,1782154.6,1470.0576,73.73047,33.89171266555786,2023-12-15 11:32:11.239917
301,3001,1782257.5,1470.0576,73.73047,33.77812933921814,2023-12-15 11:32:45.382912
302,3011,1782477.8,1470.0576,73.73047,34.53214883804321,2023-12-15 11:33:20.225963
303,3021,1782535.9,1470.0576,73.73047,34.56132650375366,2023-12-15 11:33:55.089333
304,3031,1782604.5,1470.0576,73.73047,33.830389738082886,2023-12-15 11:34:29.222413
305,3041,1782857.5,1470.0576,73.73047,33.84674096107483,2023-12-15 11:35:03.402179
306,3051,1782875.8,1470.0576,73.73047,34.950162172317505,2023-12-15 11:35:38.660155
307,3061,1783120.9,1470.0576,73.73047,35.48451256752014,2023-12-15 11:36:14.450907
308,3071,1784857.0,1470.0576,73.828125,34.41687512397766,2023-12-15 11:36:49.170283
309,3081,1784884.5,1470.0576,73.828125,34.15972638130188,2023-12-15 11:37:23.697145
310,3091,1785086.4,1470.0576,73.828125,34.33519434928894,2023-12-15 11:37:58.337041
311,3101,1785374.5,1470.0576,73.828125,33.8116250038147,2023-12-15 11:38:32.445243
312,3111,1785475.0,1470.0576,73.828125,33.77073931694031,2023-12-15 11:39:06.516426
313,3121,1785652.9,1470.0576,73.828125,34.47968125343323,2023-12-15 11:39:41.299011
314,3131,1785660.5,1470.0576,73.828125,34.116328716278076,2023-12-15 11:40:15.726462
315,3141,1785801.2,1470.0576,73.828125,34.114548683166504,2023-12-15 11:40:50.148170
316,3151,1785888.0,1470.0576,73.828125,34.11260104179382,2023-12-15 11:41:24.561475
317,3161,1785996.9,1470.0576,73.828125,34.35485529899597,2023-12-15 11:41:59.258002
318,3171,1786113.0,1470.0576,73.828125,34.34431219100952,2023-12-15 11:42:33.902051
319,3181,1787189.4,1470.0576,73.828125,34.41569185256958,2023-12-15 11:43:08.621499
320,3191,1787982.6,1470.0576,73.828125,34.82126235961914,2023-12-15 11:43:43.752246
321,3201,1788240.1,1470.0576,73.828125,34.29768967628479,2023-12-15 11:44:18.376185
322,3211,1788341.2,1470.0576,73.828125,33.96792197227478,2023-12-15 11:44:52.647359
323,3221,1788675.1,1470.0576,73.828125,34.732532262802124,2023-12-15 11:45:27.688084
324,3231,1791182.4,1470.0576,73.92578,34.35532069206238,2023-12-15 11:46:02.340582
325,3241,1793553.8,1470.0576,74.02344,34.30550217628479,2023-12-15 11:46:36.945076
326,3251,1794101.5,1470.0576,74.02344,34.39466428756714,2023-12-15 11:47:11.639306
327,3261,1794239.4,1470.0576,74.02344,34.597317934036255,2023-12-15 11:47:46.537387
328,3271,1794387.6,1470.0576,74.02344,34.41241478919983,2023-12-15 11:48:21.249023
329,3281,1795050.9,1470.0576,74.02344,34.02884387969971,2023-12-15 11:48:55.580025
330,3291,1795080.2,1470.0576,74.02344,34.16057324409485,2023-12-15 11:49:30.046488
331,3301,1795451.4,1470.0576,74.02344,34.30316162109375,2023-12-15 11:50:04.676015
332,3311,1795799.0,1470.0576,74.02344,34.33559012413025,2023-12-15 11:50:39.314509
333,3321,1795917.8,1470.0576,74.02344,34.23349738121033,2023-12-15 11:51:13.901918
334,3331,1795923.8,1470.0576,74.02344,34.68418312072754,2023-12-15 11:51:48.886140
335,3341,1796075.4,1470.0576,74.02344,34.28181314468384,2023-12-15 11:52:23.477508
336,3351,1796093.8,1470.0576,74.02344,34.26210165023804,2023-12-15 11:52:58.041656
337,3361,1796665.8,1470.0576,74.02344,34.15805172920227,2023-12-15 11:53:32.499643
338,3371,1797170.0,1470.0576,74.02344,34.52395725250244,2023-12-15 11:54:07.325289
339,3381,1797340.1,1470.0576,74.02344,34.21984601020813,2023-12-15 11:54:41.844368
340,3391,1797712.4,1470.0576,74.02344,34.61963605880737,2023-12-15 11:55:16.760204
341,3401,1797712.4,1470.0576,74.02344,34.36720657348633,2023-12-15 11:55:51.488923
342,3411,1798286.5,1470.0576,74.02344,34.661272287368774,2023-12-15 11:56:26.495302
343,3421,1799445.6,1470.0576,74.02344,34.14834475517273,2023-12-15 11:57:00.955125
344,3431,1799544.5,1470.0576,74.02344,34.44686841964722,2023-12-15 11:57:35.703344
345,3441,1802006.5,1470.0576,74.12109,34.32190561294556,2023-12-15 11:58:10.326492
346,3451,1802140.5,1470.0576,74.12109,35.02001905441284,2023-12-15 11:58:45.673119
347,3461,1802271.0,1470.0576,74.12109,34.3109872341156,2023-12-15 11:59:20.296324
348,3471,1802333.1,1470.0576,74.12109,34.61134338378906,2023-12-15 11:59:55.219231
349,3481,1805031.2,1470.0576,74.21875,34.80368733406067,2023-12-15 12:00:30.326816
350,3491,1805351.6,1470.0576,74.21875,34.02172112464905,2023-12-15 12:01:04.645943
351,3501,1805392.8,1470.0576,74.21875,34.382651805877686,2023-12-15 12:01:39.331064
352,3511,1805594.5,1470.0576,74.21875,34.244225025177,2023-12-15 12:02:13.884825
353,3521,1805661.9,1470.0576,74.21875,34.176594972610474,2023-12-15 12:02:48.367646
354,3531,1806151.0,1470.0576,74.21875,34.14247703552246,2023-12-15 12:03:22.831511
355,3541,1808351.2,1470.0576,74.31641,34.13610219955444,2023-12-15 12:03:57.267041
356,3551,1808490.9,1470.0576,74.31641,34.270901918411255,2023-12-15 12:04:31.836525
357,3561,1808607.9,1470.0576,74.31641,34.3407039642334,2023-12-15 12:05:06.515464
358,3571,1811451.2,1470.0576,74.41406,34.36047649383545,2023-12-15 12:05:41.173443
359,3581,1811986.5,1470.0576,74.41406,34.569961071014404,2023-12-15 12:06:16.074927
360,3591,1812079.5,1470.0576,74.41406,34.16844820976257,2023-12-15 12:06:50.639468
361,3601,1812444.5,1470.0576,74.41406,34.431907415390015,2023-12-15 12:07:25.379848
362,3611,1815091.6,1470.0576,74.51172,34.73751187324524,2023-12-15 12:08:00.446864
363,3621,1815376.6,1470.0576,74.51172,34.17441439628601,2023-12-15 12:08:34.921674
364,3631,1815432.5,1470.0576,74.51172,34.24436807632446,2023-12-15 12:09:09.464824
365,3641,1815759.6,1470.0576,74.51172,34.239957094192505,2023-12-15 12:09:44.005985
366,3651,1816189.8,1470.0576,74.51172,34.36141848564148,2023-12-15 12:10:18.668009
367,3661,1816303.4,1470.0576,74.51172,34.2402069568634,2023-12-15 12:10:53.208450
368,3671,1816462.6,1470.0576,74.51172,34.26362085342407,2023-12-15 12:11:27.775070
369,3681,1818595.5,1470.0576,74.609375,34.85771632194519,2023-12-15 12:12:02.942872
370,3691,1818706.0,1470.0576,74.609375,34.11232781410217,2023-12-15 12:12:37.356874
371,3701,1818752.5,1470.0576,74.609375,34.58742427825928,2023-12-15 12:13:12.242081
372,3711,1818848.9,1470.0576,74.609375,34.348597288131714,2023-12-15 12:13:46.890486
373,3721,1819217.5,1470.0576,74.609375,34.23054361343384,2023-12-15 12:14:21.424642
374,3731,1819388.5,1470.0576,74.609375,34.25883221626282,2023-12-15 12:14:55.981976
375,3741,1819520.0,1470.0576,74.609375,34.1145544052124,2023-12-15 12:15:30.393180
376,3751,1819536.9,1470.0576,74.609375,34.4441123008728,2023-12-15 12:16:05.150073
377,3761,1819875.9,1470.0576,74.609375,34.17671823501587,2023-12-15 12:16:39.624010
378,3771,1820402.8,1470.0576,74.609375,34.1343834400177,2023-12-15 12:17:14.065081
379,3781,1820432.0,1470.0576,74.609375,34.3706636428833,2023-12-15 12:17:48.734567
380,3791,1820465.8,1470.0576,74.609375,34.30216193199158,2023-12-15 12:18:23.345360
381,3801,1820504.5,1470.0576,74.609375,34.830747842788696,2023-12-15 12:18:58.475000
382,3811,1820727.2,1470.0576,74.609375,34.79718852043152,2023-12-15 12:19:33.571037
383,3821,1820731.1,1470.0576,74.609375,34.520737648010254,2023-12-15 12:20:08.402061
384,3831,1820785.6,1470.0576,74.609375,34.11666011810303,2023-12-15 12:20:42.823850
385,3841,1821145.2,1470.0576,74.609375,34.28840970993042,2023-12-15 12:21:17.414519
386,3851,1821295.5,1470.0576,74.609375,34.59074258804321,2023-12-15 12:21:52.400219
387,3861,1821431.2,1470.0576,74.609375,34.80215668678284,2023-12-15 12:22:27.509619
388,3871,1821706.6,1470.0576,74.609375,34.31953835487366,2023-12-15 12:23:02.138633
389,3881,1821724.9,1470.0576,74.609375,34.30162715911865,2023-12-15 12:23:36.737170
390,3891,1822220.0,1470.0576,74.609375,34.1146125793457,2023-12-15 12:24:11.147708
391,3901,1822361.0,1470.0576,74.609375,34.2001268863678,2023-12-15 12:24:45.666499
392,3911,1822519.2,1470.0576,74.609375,34.660325050354004,2023-12-15 12:25:20.638597
393,3921,1822834.4,1470.0576,74.609375,34.34023666381836,2023-12-15 12:25:55.278118
394,3931,1823178.6,1470.0576,74.609375,34.171422481536865,2023-12-15 12:26:29.785996
395,3941,1823218.2,1470.0576,74.609375,34.077019453048706,2023-12-15 12:27:04.160500
396,3951,1825648.9,1470.0576,74.70703,34.6942777633667,2023-12-15 12:27:39.199887
397,3961,1825704.0,1470.0576,74.70703,34.522332191467285,2023-12-15 12:28:14.026571
398,3971,1825764.0,1470.0576,74.70703,34.46695280075073,2023-12-15 12:28:48.814528
399,3981,1826179.4,1470.0576,74.70703,33.98428249359131,2023-12-15 12:29:23.102884
400,3991,1826224.4,1470.0576,74.70703,34.230916261672974,2023-12-15 12:29:57.638077
401,4001,1826292.2,1470.0576,74.70703,34.03510069847107,2023-12-15 12:30:31.982325
402,4011,1826292.2,1470.0576,74.70703,34.546884536743164,2023-12-15 12:31:06.834936
403,4021,1826431.8,1470.0576,74.70703,34.83536744117737,2023-12-15 12:31:41.967110
404,4031,1826804.1,1470.0576,74.70703,34.223247051239014,2023-12-15 12:32:16.494021
405,4041,1826812.8,1470.0576,74.70703,34.48375344276428,2023-12-15 12:32:51.277186
406,4051,1826925.5,1470.0576,74.70703,34.544212341308594,2023-12-15 12:33:26.134158
407,4061,1827071.6,1470.0576,74.70703,34.3034827709198,2023-12-15 12:34:00.736220
408,4071,1827181.8,1470.0576,74.70703,34.52126598358154,2023-12-15 12:34:35.555471
409,4081,1827314.0,1470.0576,74.70703,34.42571568489075,2023-12-15 12:35:10.281037
410,4091,1827833.0,1470.0576,74.70703,34.63910913467407,2023-12-15 12:35:45.218139
411,4101,1827968.1,1470.0576,74.70703,34.264121294021606,2023-12-15 12:36:19.786250
412,4111,1828061.4,1470.0576,74.70703,34.82437062263489,2023-12-15 12:36:54.908518
413,4121,1828146.5,1470.0576,74.70703,34.487465381622314,2023-12-15 12:37:29.702526
414,4131,1828585.5,1470.0576,74.70703,34.03867816925049,2023-12-15 12:38:04.040667
415,4141,1828635.8,1470.0576,74.70703,34.80957913398743,2023-12-15 12:38:39.153934
416,4151,1828638.1,1470.0576,74.70703,33.9566330909729,2023-12-15 12:39:13.417215
417,4161,1830929.9,1470.0576,74.80469,34.46464920043945,2023-12-15 12:39:48.182743
418,4171,1831570.0,1470.0576,74.80469,34.23945450782776,2023-12-15 12:40:22.722192
419,4181,1831570.0,1470.0576,74.80469,34.16454076766968,2023-12-15 12:40:57.184900
420,4191,1831840.0,1470.0576,74.80469,34.47813320159912,2023-12-15 12:41:31.958264
421,4201,1834409.2,1470.0576,74.90234,34.544397592544556,2023-12-15 12:42:06.811832
422,4211,1834548.5,1470.0576,74.90234,34.22909617424011,2023-12-15 12:42:41.363670
423,4221,1834652.0,1470.0576,74.90234,34.45578193664551,2023-12-15 12:43:16.132257
424,4231,1836461.1,1470.0576,75.0,34.30378723144531,2023-12-15 12:43:50.750973
425,4241,1836569.0,1470.0576,75.0,34.9365975856781,2023-12-15 12:44:26.001462
426,4251,1836661.0,1470.0576,75.0,34.1385178565979,2023-12-15 12:45:00.438759
427,4261,1836866.5,1470.0576,75.0,34.23607611656189,2023-12-15 12:45:34.973640
428,4271,1837131.8,1470.0576,75.0,34.7467725276947,2023-12-15 12:46:10.030011
429,4281,1837763.0,1470.0576,75.0,34.19941735267639,2023-12-15 12:46:44.539495
430,4291,1837804.2,1470.0576,75.0,34.25107550621033,2023-12-15 12:47:19.087733
431,4301,1837979.0,1470.0576,75.0,34.274436950683594,2023-12-15 12:47:53.668212
432,4311,1838049.8,1470.0576,75.0,34.26016020774841,2023-12-15 12:48:28.234799
433,4321,1838115.2,1470.0576,75.0,34.41252613067627,2023-12-15 12:49:02.956465
434,4331,1838201.0,1470.0576,75.0,33.985881090164185,2023-12-15 12:49:37.250415
435,4341,1838356.4,1470.0576,75.0,34.25421762466431,2023-12-15 12:50:11.831864
436,4351,1838438.5,1470.0576,75.0,34.67583155632019,2023-12-15 12:50:46.814815
437,4361,1838534.4,1470.0576,75.0,34.54442358016968,2023-12-15 12:51:21.664242
438,4371,1839051.2,1470.0576,75.0,34.03491187095642,2023-12-15 12:51:56.006717
439,4381,1839334.2,1470.0576,75.0,34.2314727306366,2023-12-15 12:52:30.584331
440,4391,1839393.1,1470.0576,75.0,34.36412572860718,2023-12-15 12:53:05.251969
441,4401,1839397.6,1470.0576,75.0,34.623847007751465,2023-12-15 12:53:40.192135
442,4411,1841680.2,1470.0576,75.09766,33.86058592796326,2023-12-15 12:54:14.372730
443,4421,1841968.1,1470.0576,75.09766,34.07132601737976,2023-12-15 12:54:48.797272
444,4431,1842005.0,1470.0576,75.09766,33.91800093650818,2023-12-15 12:55:23.020952
445,4441,1842204.8,1470.0576,75.09766,34.248889207839966,2023-12-15 12:55:57.577346
446,4451,1842268.0,1470.0576,75.09766,34.10309076309204,2023-12-15 12:56:31.984060
447,4461,1842268.0,1470.0576,75.09766,34.053258419036865,2023-12-15 12:57:06.338615
448,4471,1842491.5,1470.0576,75.09766,34.672900676727295,2023-12-15 12:57:41.339113
449,4481,1844768.0,1470.0576,75.19531,34.36884951591492,2023-12-15 12:58:16.015752
450,4491,1844771.9,1470.0576,75.19531,34.88059759140015,2023-12-15 12:58:51.203696
451,4501,1845165.0,1470.0576,75.19531,34.39497780799866,2023-12-15 12:59:25.902942
452,4511,1848105.0,1470.0576,75.29297,34.67235732078552,2023-12-15 13:00:00.877740
453,4521,1848252.6,1470.0576,75.29297,34.29349493980408,2023-12-15 13:00:35.479164
454,4531,1848259.1,1470.0576,75.29297,34.1859974861145,2023-12-15 13:01:09.969053
455,4541,1848287.9,1470.0576,75.29297,34.38966488838196,2023-12-15 13:01:44.673350
456,4551,1848376.0,1470.0576,75.29297,34.41561245918274,2023-12-15 13:02:19.396775
457,4561,1848395.9,1470.0576,75.29297,34.23974847793579,2023-12-15 13:02:53.988078
458,4571,1848484.9,1470.0576,75.29297,34.11047005653381,2023-12-15 13:03:28.395297
459,4581,1848607.0,1470.0576,75.29297,34.15717029571533,2023-12-15 13:04:02.850735
460,4591,1848676.0,1470.0576,75.29297,34.34594202041626,2023-12-15 13:04:37.610484
461,4601,1851370.5,1470.0576,75.390625,34.47462034225464,2023-12-15 13:05:12.387076
462,4611,1851485.4,1470.0576,75.390625,35.96481394767761,2023-12-15 13:05:48.649407
463,4621,1851539.2,1470.0576,75.390625,35.15704393386841,2023-12-15 13:06:24.114605
464,4631,1851594.1,1470.0576,75.390625,34.428504943847656,2023-12-15 13:06:58.854368
465,4641,1851836.2,1470.0576,75.390625,35.48846960067749,2023-12-15 13:07:34.650490
466,4651,1852310.8,1470.0576,75.390625,34.84577012062073,2023-12-15 13:08:09.883930
467,4661,1856361.8,1470.0576,75.58594,34.54415202140808,2023-12-15 13:08:44.734438
468,4671,1856454.6,1470.0576,75.58594,34.9255576133728,2023-12-15 13:09:19.972686
469,4681,1856723.5,1470.0576,75.58594,34.275336027145386,2023-12-15 13:09:54.561749
470,4691,1856898.4,1470.0576,75.58594,34.59682321548462,2023-12-15 13:10:29.455363
471,4701,1856937.2,1470.0576,75.58594,34.20709300041199,2023-12-15 13:11:03.970546
472,4711,1857050.8,1470.0576,75.58594,34.53896141052246,2023-12-15 13:11:38.808604
473,4721,1857202.4,1470.0576,75.58594,34.473063468933105,2023-12-15 13:12:13.580992
474,4731,1857214.1,1470.0576,75.58594,34.36680555343628,2023-12-15 13:12:48.247367
475,4741,1857494.1,1470.0576,75.58594,33.98420023918152,2023-12-15 13:13:22.527971
476,4751,1857499.1,1470.0576,75.58594,33.76259160041809,2023-12-15 13:13:56.600720
477,4761,1857617.8,1470.0576,75.58594,34.11657404899597,2023-12-15 13:14:31.092155
478,4771,1857746.0,1470.0576,75.58594,34.37060070037842,2023-12-15 13:15:05.773404
479,4781,1857756.8,1470.0576,75.58594,34.319745779037476,2023-12-15 13:15:40.494354
480,4791,1860287.8,1470.0576,75.68359,34.83081269264221,2023-12-15 13:16:15.646311
481,4801,1860335.4,1470.0576,75.68359,34.48724389076233,2023-12-15 13:16:50.443120
482,4811,1860852.1,1470.0576,75.68359,34.18349623680115,2023-12-15 13:17:24.985809
483,4821,1860903.8,1470.0576,75.68359,34.39423656463623,2023-12-15 13:17:59.680170
484,4831,1861027.9,1470.0576,75.68359,34.137922525405884,2023-12-15 13:18:34.120597
485,4841,1861158.0,1470.0576,75.68359,34.2850775718689,2023-12-15 13:19:08.711789
486,4851,1863307.8,1470.0576,75.78125,34.272446155548096,2023-12-15 13:19:43.338888
487,4861,1863328.8,1470.0576,75.78125,34.386420011520386,2023-12-15 13:20:18.027598
488,4871,1863328.8,1470.0576,75.78125,34.458637952804565,2023-12-15 13:20:52.787603
489,4881,1863361.6,1470.0576,75.78125,33.945561170578,2023-12-15 13:21:27.045746
490,4891,1863530.4,1470.0576,75.78125,34.56040596961975,2023-12-15 13:22:01.941076
491,4901,1863630.1,1470.0576,75.78125,34.33295512199402,2023-12-15 13:22:36.585436
492,4911,1863843.1,1470.0576,75.78125,34.49891495704651,2023-12-15 13:23:11.382808
493,4921,1863924.4,1470.0576,75.78125,34.382731914520264,2023-12-15 13:23:46.064379
494,4931,1864055.9,1470.0576,75.78125,34.47600865364075,2023-12-15 13:24:20.885993
495,4941,1864192.4,1470.0576,75.78125,34.27583980560303,2023-12-15 13:24:55.463593
496,4951,1864280.8,1470.0576,75.78125,33.88400101661682,2023-12-15 13:25:29.654994
497,4961,1864418.2,1470.0576,75.78125,34.30747389793396,2023-12-15 13:26:04.295278
498,4971,1866761.2,1470.0576,75.87891,34.28987264633179,2023-12-15 13:26:38.895619
499,4981,1867205.6,1470.0576,75.87891,34.586994886398315,2023-12-15 13:27:13.795126
500,4991,1867273.8,1470.0576,75.87891,34.313451528549194,2023-12-15 13:27:48.406927
501,5001,1867446.0,1470.0576,75.87891,34.83525729179382,2023-12-15 13:28:23.541415
502,5011,1867600.0,1470.0576,75.87891,34.44831347465515,2023-12-15 13:28:58.292351
503,5021,1867762.4,1470.0576,75.87891,34.505858182907104,2023-12-15 13:29:33.107773
504,5031,1867910.5,1470.0576,75.87891,34.67635941505432,2023-12-15 13:30:08.100112
505,5041,1867957.2,1470.0576,75.87891,34.3921160697937,2023-12-15 13:30:42.806633
506,5051,1868704.9,1470.0576,75.87891,34.18166971206665,2023-12-15 13:31:17.286573
507,5061,1868767.1,1470.0576,75.87891,34.07471418380737,2023-12-15 13:31:51.659133
508,5071,1868785.6,1470.0576,75.87891,34.27894854545593,2023-12-15 13:32:26.235394
509,5081,1868830.5,1470.0576,75.87891,35.02155327796936,2023-12-15 13:33:01.564103
510,5091,1869138.2,1470.0576,75.87891,34.47556734085083,2023-12-15 13:33:36.337968
511,5101,1871508.4,1470.0576,75.97656,34.619221448898315,2023-12-15 13:34:11.267061
512,5111,1871508.4,1470.0576,75.97656,35.014875173568726,2023-12-15 13:34:46.581977
513,5121,1872001.9,1470.0576,75.97656,33.80796504020691,2023-12-15 13:35:20.693180
514,5131,1872033.8,1470.0576,75.97656,34.30225729942322,2023-12-15 13:35:55.299424
515,5141,1872415.8,1470.0576,75.97656,34.317641258239746,2023-12-15 13:36:29.921513
516,5151,1872474.9,1470.0576,75.97656,34.22513723373413,2023-12-15 13:37:04.443749
517,5161,1872501.0,1470.0576,75.97656,34.41869902610779,2023-12-15 13:37:39.162673
518,5171,1872581.9,1470.0576,75.97656,34.281532764434814,2023-12-15 13:38:13.740457
519,5181,1872719.5,1470.0576,75.97656,34.73300838470459,2023-12-15 13:38:48.774877
520,5191,1872728.0,1470.0576,75.97656,34.16975402832031,2023-12-15 13:39:23.274938
521,5201,1872864.2,1470.0576,75.97656,34.600507974624634,2023-12-15 13:39:58.175093
522,5211,1873075.4,1470.0576,75.97656,34.727463245391846,2023-12-15 13:40:33.200434
523,5221,1873272.6,1470.0576,75.97656,34.14786386489868,2023-12-15 13:41:07.650863
524,5231,1873318.1,1470.0576,75.97656,34.400904417037964,2023-12-15 13:41:42.357575
525,5241,1873522.1,1470.0576,75.97656,34.78088092803955,2023-12-15 13:42:17.452804
526,5251,1873603.0,1470.0576,75.97656,33.88122534751892,2023-12-15 13:42:51.632506
527,5261,1874077.0,1470.0576,75.97656,34.47969341278076,2023-12-15 13:43:26.421515
528,5271,1874204.4,1470.0576,75.97656,34.05430555343628,2023-12-15 13:44:00.785977
529,5281,1874491.8,1470.0576,75.97656,34.08038115501404,2023-12-15 13:44:35.217345
530,5291,1874801.0,1470.0576,75.97656,33.94113373756409,2023-12-15 13:45:09.467431
531,5301,1874831.1,1470.0576,75.97656,34.71646451950073,2023-12-15 13:45:44.485755
532,5311,1874831.5,1470.0576,75.97656,34.100066900253296,2023-12-15 13:46:18.896813
533,5321,1876775.6,1470.0576,76.07422,34.19635510444641,2023-12-15 13:46:53.388929
534,5331,1876821.8,1470.0576,76.07422,33.670947551727295,2023-12-15 13:47:27.365886
535,5341,1876824.9,1470.0576,76.07422,34.19838571548462,2023-12-15 13:48:01.863118
536,5351,1877600.8,1470.0576,76.07422,34.18803596496582,2023-12-15 13:48:36.348269
537,5361,1877647.2,1470.0576,76.07422,34.86379027366638,2023-12-15 13:49:11.513524
538,5371,1878045.4,1470.0576,76.07422,34.16659498214722,2023-12-15 13:49:45.985445
539,5381,1878100.1,1470.0576,76.07422,34.26456832885742,2023-12-15 13:50:20.558634
540,5391,1878113.5,1470.0576,76.07422,34.11332297325134,2023-12-15 13:50:54.976050
541,5401,1878117.0,1470.0576,76.07422,34.46478199958801,2023-12-15 13:51:29.744149
542,5411,1882891.5,1470.0576,76.26953,33.924840688705444,2023-12-15 13:52:03.979287
543,5421,1882891.5,1470.0576,76.26953,34.315040588378906,2023-12-15 13:52:38.603997
544,5431,1882932.2,1470.0576,76.26953,34.8846480846405,2023-12-15 13:53:13.787653
545,5441,1882994.5,1470.0576,76.26953,34.078590869903564,2023-12-15 13:53:48.172253
546,5451,1883092.0,1470.0576,76.26953,34.43196439743042,2023-12-15 13:54:22.901799
547,5461,1883296.4,1470.0576,76.26953,34.78363633155823,2023-12-15 13:54:58.065683
548,5471,1883297.6,1470.0576,76.26953,34.44756627082825,2023-12-15 13:55:32.819739
549,5481,1883307.4,1470.0576,76.26953,34.66674613952637,2023-12-15 13:56:07.806420
550,5491,1883360.5,1470.0576,76.26953,33.88883328437805,2023-12-15 13:56:41.994173
551,5501,1883697.6,1470.0576,76.26953,34.42232608795166,2023-12-15 13:57:16.720485
552,5511,1883709.8,1470.0576,76.26953,33.59496998786926,2023-12-15 13:57:50.615973
553,5521,1883838.6,1470.0576,76.26953,34.20585894584656,2023-12-15 13:58:25.128228
554,5531,1884071.2,1470.0576,76.26953,34.35156774520874,2023-12-15 13:58:59.804637
555,5541,1884342.5,1470.0576,76.26953,34.44059419631958,2023-12-15 13:59:34.554723
556,5551,1884415.8,1470.0576,76.26953,34.46053600311279,2023-12-15 14:00:09.359146
557,5561,1884461.8,1470.0576,76.26953,34.696702003479004,2023-12-15 14:00:44.355104
558,5571,1884534.6,1470.0576,76.26953,34.03659105300903,2023-12-15 14:01:18.693183
559,5581,1884608.1,1470.0576,76.26953,34.66415858268738,2023-12-15 14:01:53.656579
560,5591,1885513.1,1470.0576,76.26953,34.50709939002991,2023-12-15 14:02:28.461665
561,5601,1885584.5,1470.0576,76.26953,34.1070671081543,2023-12-15 14:03:02.866549
562,5611,1886073.4,1470.0576,76.26953,34.32133150100708,2023-12-15 14:03:37.500465
563,5621,1886470.6,1470.0576,76.26953,34.71273636817932,2023-12-15 14:04:12.513747
564,5631,1886677.8,1470.0576,76.26953,34.23188376426697,2023-12-15 14:04:47.072590
565,5641,1886745.2,1470.0576,76.26953,34.4831907749176,2023-12-15 14:05:21.865369
566,5651,1886812.8,1470.0576,76.26953,34.878502368927,2023-12-15 14:05:57.043870
567,5661,1886924.6,1470.0576,76.26953,34.48186278343201,2023-12-15 14:06:31.823538
568,5671,1888977.5,1470.0576,76.36719,34.64171481132507,2023-12-15 14:07:06.762067
569,5681,1889333.9,1470.0576,76.36719,34.11967062950134,2023-12-15 14:07:41.178294
570,5691,1889925.4,1470.0576,76.36719,33.7235643863678,2023-12-15 14:08:15.199129
571,5701,1890119.5,1470.0576,76.36719,34.514254331588745,2023-12-15 14:08:50.026755
572,5711,1890134.8,1470.0576,76.36719,34.61167335510254,2023-12-15 14:09:24.935530
573,5721,1892287.5,1470.0576,76.46484,33.687039613723755,2023-12-15 14:09:58.931338
574,5731,1892407.0,1470.0576,76.46484,34.61646389961243,2023-12-15 14:10:33.848748
575,5741,1892608.4,1470.0576,76.46484,34.06840109825134,2023-12-15 14:11:08.217861
576,5751,1892715.9,1470.0576,76.46484,34.33210754394531,2023-12-15 14:11:42.848055
577,5761,1892901.5,1470.0576,76.46484,34.06977820396423,2023-12-15 14:12:17.220333
578,5771,1893037.8,1470.0576,76.46484,34.85788416862488,2023-12-15 14:12:52.374467
579,5781,1893241.9,1470.0576,76.46484,33.93285799026489,2023-12-15 14:13:26.605739
580,5791,1893299.0,1470.0576,76.46484,34.379528522491455,2023-12-15 14:14:01.295293
581,5801,1893395.1,1470.0576,76.46484,34.32913827896118,2023-12-15 14:14:36.021828
582,5811,1893399.2,1470.0576,76.46484,34.45092153549194,2023-12-15 14:15:10.784144
583,5821,1893525.9,1470.0576,76.46484,33.60507845878601,2023-12-15 14:15:44.689750
584,5831,1893717.5,1470.0576,76.46484,34.34283900260925,2023-12-15 14:16:19.339722
585,5841,1893746.4,1470.0576,76.46484,34.518285274505615,2023-12-15 14:16:54.163359
586,5851,1893931.9,1470.0576,76.46484,34.03181862831116,2023-12-15 14:17:28.498215
587,5861,1894245.0,1470.0576,76.46484,34.315590620040894,2023-12-15 14:18:03.125695
588,5871,1894803.1,1470.0576,76.46484,33.87801742553711,2023-12-15 14:18:37.309735
589,5881,1894803.1,1470.0576,76.46484,34.17099738121033,2023-12-15 14:19:11.778230
590,5891,1894829.8,1470.0576,76.46484,33.984965085983276,2023-12-15 14:19:46.065081
591,5901,1894902.1,1470.0576,76.46484,34.354968547821045,2023-12-15 14:20:20.724085
592,5911,1894966.1,1470.0576,76.46484,34.200191020965576,2023-12-15 14:20:55.222348
593,5921,1894966.1,1470.0576,76.46484,34.43586587905884,2023-12-15 14:21:30.045909
594,5931,1894988.5,1470.0576,76.46484,33.809051513671875,2023-12-15 14:22:04.158277
595,5941,1895094.8,1470.0576,76.46484,34.40797781944275,2023-12-15 14:22:38.864908
596,5951,1895189.2,1470.0576,76.46484,34.34023404121399,2023-12-15 14:23:13.545807
597,5961,1895249.8,1470.0576,76.46484,34.21254849433899,2023-12-15 14:23:48.065826
598,5971,1895473.0,1470.0576,76.46484,34.79371905326843,2023-12-15 14:24:23.162209
599,5981,1895503.0,1470.0576,76.46484,34.335314989089966,2023-12-15 14:24:57.805689
600,5991,1895560.0,1470.0576,76.46484,34.196831703186035,2023-12-15 14:25:32.303605
601,6001,1895628.2,1470.0576,76.46484,33.89778256416321,2023-12-15 14:26:06.514887
602,6011,1897894.5,1470.0576,76.5625,33.7970712184906,2023-12-15 14:26:40.608336
603,6021,1898510.5,1470.0576,76.5625,34.366798877716064,2023-12-15 14:27:15.285769
604,6031,1900441.8,1470.0576,76.66016,33.81198167800903,2023-12-15 14:27:49.402534
605,6041,1900600.8,1470.0576,76.66016,34.48513460159302,2023-12-15 14:28:24.189474
606,6051,1900600.8,1470.0576,76.66016,34.23683476448059,2023-12-15 14:28:58.735767
607,6061,1900613.2,1470.0576,76.66016,34.10027027130127,2023-12-15 14:29:33.138912
608,6071,1901074.6,1470.0576,76.66016,33.92305564880371,2023-12-15 14:30:07.370110
609,6081,1901145.8,1470.0576,76.66016,34.25082087516785,2023-12-15 14:30:41.920350
610,6091,1901161.8,1470.0576,76.66016,34.09175682067871,2023-12-15 14:31:16.310773
611,6101,1901363.9,1470.0576,76.66016,34.43731880187988,2023-12-15 14:31:51.049150
612,6111,1901439.8,1470.0576,76.66016,34.20702528953552,2023-12-15 14:32:25.580935
613,6121,1901681.8,1470.0576,76.66016,34.391316652297974,2023-12-15 14:33:00.277819
614,6131,1901875.8,1470.0576,76.66016,34.24966263771057,2023-12-15 14:33:34.827443
615,6141,1901917.9,1470.0576,76.66016,34.335437297821045,2023-12-15 14:34:09.460392
616,6151,1902292.2,1470.0576,76.66016,34.43354249000549,2023-12-15 14:34:44.194112
617,6161,1902319.2,1470.0576,76.66016,34.43561816215515,2023-12-15 14:35:18.931273
618,6171,1902383.2,1470.0576,76.66016,34.29889249801636,2023-12-15 14:35:53.534059
619,6181,1902497.6,1470.0576,76.66016,34.522237062454224,2023-12-15 14:36:28.426099
620,6191,1902625.6,1470.0576,76.66016,34.5338921546936,2023-12-15 14:37:03.320943
621,6201,1902708.2,1470.0576,76.66016,34.657907247543335,2023-12-15 14:37:38.275833
622,6211,1902861.8,1470.0576,76.66016,34.42863750457764,2023-12-15 14:38:13.010520
623,6221,1902993.2,1470.0576,76.66016,34.27900719642639,2023-12-15 14:38:47.588299
624,6231,1903428.4,1470.0576,76.66016,34.14340591430664,2023-12-15 14:39:22.035302
625,6241,1903504.5,1470.0576,76.66016,34.28454089164734,2023-12-15 14:39:56.617038
626,6251,1903522.6,1470.0576,76.66016,34.370633125305176,2023-12-15 14:40:31.291940
627,6261,1903522.6,1470.0576,76.66016,34.16687512397766,2023-12-15 14:41:05.755164
628,6271,1903640.0,1470.0576,76.66016,34.27258920669556,2023-12-15 14:41:40.324915
629,6281,1903779.0,1470.0576,76.66016,33.88774013519287,2023-12-15 14:42:14.523886
630,6291,1903799.2,1470.0576,76.66016,34.92500877380371,2023-12-15 14:42:49.747896
631,6301,1903925.6,1470.0576,76.66016,34.885478496551514,2023-12-15 14:43:24.933386
632,6311,1903926.4,1470.0576,76.66016,34.05796551704407,2023-12-15 14:43:59.296149
633,6321,1903926.4,1470.0576,76.66016,34.250300884246826,2023-12-15 14:44:33.843207
634,6331,1903936.4,1470.0576,76.66016,34.0528519153595,2023-12-15 14:45:08.192912
635,6341,1904261.8,1470.0576,76.66016,34.368494510650635,2023-12-15 14:45:42.874543
636,6351,1904468.6,1470.0576,76.66016,34.49418568611145,2023-12-15 14:46:17.668920
637,6361,1904471.8,1470.0576,76.66016,34.386560916900635,2023-12-15 14:46:52.404499
638,6371,1904596.5,1470.0576,76.66016,34.60324692726135,2023-12-15 14:47:27.308678
639,6381,1904624.5,1470.0576,76.66016,34.22419810295105,2023-12-15 14:48:01.830727
640,6391,1904846.5,1470.0576,76.66016,33.992201805114746,2023-12-15 14:48:36.155650
641,6401,1904918.2,1470.0576,76.66016,34.5179328918457,2023-12-15 14:49:10.974625
642,6411,1905115.2,1470.0576,76.66016,34.104416608810425,2023-12-15 14:49:45.375986
643,6421,1905160.4,1470.0576,76.66016,34.400601863861084,2023-12-15 14:50:20.074406
644,6431,1905548.4,1470.0576,76.66016,34.40359616279602,2023-12-15 14:50:54.775154
645,6441,1905630.0,1470.0576,76.66016,33.990317583084106,2023-12-15 14:51:29.060972
646,6451,1905651.8,1470.0576,76.66016,34.546143531799316,2023-12-15 14:52:03.907592
647,6461,1908076.8,1470.0576,76.75781,34.625170946121216,2023-12-15 14:52:38.830787
648,6471,1908102.2,1470.0576,76.75781,34.45302486419678,2023-12-15 14:53:13.612904
649,6481,1908116.1,1470.0576,76.75781,34.14097738265991,2023-12-15 14:53:48.055862
650,6491,1908284.1,1470.0576,76.75781,34.1617431640625,2023-12-15 14:54:22.527147
651,6501,1908569.4,1470.0576,76.75781,34.770209074020386,2023-12-15 14:54:57.603328
652,6511,1908667.5,1470.0576,76.75781,34.33689999580383,2023-12-15 14:55:32.240587
653,6521,1908747.8,1470.0576,76.75781,34.27797746658325,2023-12-15 14:56:06.817393
654,6531,1908747.8,1470.0576,76.75781,34.45994448661804,2023-12-15 14:56:41.578708
655,6541,1908824.8,1470.0576,76.75781,34.362523794174194,2023-12-15 14:57:16.240690
656,6551,1908831.8,1470.0576,76.75781,34.52605628967285,2023-12-15 14:57:51.062327
657,6561,1908847.5,1470.0576,76.75781,34.11221718788147,2023-12-15 14:58:25.471158
658,6571,1908872.5,1470.0576,76.75781,34.34582018852234,2023-12-15 14:59:00.117454
659,6581,1908888.5,1470.0576,76.75781,33.95350980758667,2023-12-15 14:59:34.378588
660,6591,1908930.8,1470.0576,76.75781,34.59993243217468,2023-12-15 15:00:09.286435
661,6601,1908976.0,1470.0576,76.75781,34.59930920600891,2023-12-15 15:00:44.185511
662,6611,1908981.4,1470.0576,76.75781,34.532957553863525,2023-12-15 15:01:19.027227
663,6621,1908983.1,1470.0576,76.75781,34.39646100997925,2023-12-15 15:01:53.728669
664,6631,1909027.9,1470.0576,76.75781,34.582712173461914,2023-12-15 15:02:28.610316
665,6641,1909137.4,1470.0576,76.75781,34.40569043159485,2023-12-15 15:03:03.317948
666,6651,1909167.5,1470.0576,76.75781,34.56536149978638,2023-12-15 15:03:38.205923
667,6661,1909367.0,1470.0576,76.75781,34.602569580078125,2023-12-15 15:04:13.110043
668,6671,1909420.8,1470.0576,76.75781,34.21524381637573,2023-12-15 15:04:47.674453
669,6681,1909438.1,1470.0576,76.75781,34.40342974662781,2023-12-15 15:05:22.382468
670,6691,1909583.6,1470.0576,76.75781,34.28530240058899,2023-12-15 15:05:56.977938
671,6701,1909655.2,1470.0576,76.75781,34.15225267410278,2023-12-15 15:06:31.430843
672,6711,1909662.2,1470.0576,76.75781,34.66496157646179,2023-12-15 15:07:06.398227
673,6721,1909664.2,1470.0576,76.75781,34.19418430328369,2023-12-15 15:07:40.901742
674,6731,1909766.5,1470.0576,76.75781,33.381468772888184,2023-12-15 15:08:14.675278
675,6741,1909775.5,1470.0576,76.75781,34.41248607635498,2023-12-15 15:08:49.391907
676,6751,1909844.5,1470.0576,76.75781,34.80860757827759,2023-12-15 15:09:24.598414
677,6761,1911936.6,1470.0576,76.85547,34.42751979827881,2023-12-15 15:09:59.334247
678,6771,1911936.6,1470.0576,76.85547,34.2345016002655,2023-12-15 15:10:33.876466
679,6781,1912469.2,1470.0576,76.85547,34.3550181388855,2023-12-15 15:11:08.531241
680,6791,1912492.1,1470.0576,76.85547,34.14954710006714,2023-12-15 15:11:43.077778
681,6801,1912623.4,1470.0576,76.85547,34.332452058792114,2023-12-15 15:12:17.710123
682,6811,1912883.9,1470.0576,76.85547,34.16961455345154,2023-12-15 15:12:52.178896
683,6821,1913154.0,1470.0576,76.85547,34.85838770866394,2023-12-15 15:13:27.343438
684,6831,1913157.8,1470.0576,76.85547,34.580676794052124,2023-12-15 15:14:02.225757
685,6841,1913281.1,1470.0576,76.85547,34.13415884971619,2023-12-15 15:14:36.661838
686,6851,1913768.2,1470.0576,76.85547,34.60434865951538,2023-12-15 15:15:11.566107
687,6861,1914190.1,1470.0576,76.85547,34.554903984069824,2023-12-15 15:15:46.482345
688,6871,1914463.6,1470.0576,76.85547,34.70292901992798,2023-12-15 15:16:21.514968
689,6881,1914498.9,1470.0576,76.85547,34.269848585128784,2023-12-15 15:16:56.093572
690,6891,1914538.2,1470.0576,76.85547,34.58220028877258,2023-12-15 15:17:30.993800
691,6901,1914636.8,1470.0576,76.85547,34.58504772186279,2023-12-15 15:18:05.888070
692,6911,1914646.8,1470.0576,76.85547,34.82782530784607,2023-12-15 15:18:41.144786
693,6921,1917166.2,1470.0576,76.953125,34.79755783081055,2023-12-15 15:19:16.243432
694,6931,1917290.9,1470.0576,76.953125,34.259580850601196,2023-12-15 15:19:50.812383
695,6941,1917479.6,1470.0576,76.953125,34.404749155044556,2023-12-15 15:20:25.513870
696,6951,1918070.2,1470.0576,76.953125,34.5247700214386,2023-12-15 15:21:00.425012
697,6961,1918088.5,1470.0576,76.953125,34.76609492301941,2023-12-15 15:21:35.545677
698,6971,1918105.8,1470.0576,76.953125,34.567365407943726,2023-12-15 15:22:10.419356
699,6981,1918172.8,1470.0576,76.953125,34.34940981864929,2023-12-15 15:22:45.091157
700,6991,1918440.0,1470.0576,76.953125,34.09078645706177,2023-12-15 15:23:19.540116
701,7001,1918452.9,1470.0576,76.953125,33.913283586502075,2023-12-15 15:23:53.750074
702,7011,1918579.1,1470.0576,76.953125,34.67845177650452,2023-12-15 15:24:28.725780
703,7021,1918764.6,1470.0576,76.953125,34.18409204483032,2023-12-15 15:25:03.216187
704,7031,1918825.2,1470.0576,76.953125,34.59540557861328,2023-12-15 15:25:38.117169
705,7041,1921226.9,1470.0576,77.05078,34.05638527870178,2023-12-15 15:26:12.483325
706,7051,1921241.2,1470.0576,77.05078,34.10241413116455,2023-12-15 15:26:46.911090
707,7061,1921280.6,1470.0576,77.05078,33.98104548454285,2023-12-15 15:27:21.249657
708,7071,1921518.0,1470.0576,77.05078,34.46276330947876,2023-12-15 15:27:56.010669
709,7081,1923891.4,1470.0576,77.14844,34.39256262779236,2023-12-15 15:28:30.715256
710,7091,1923932.0,1470.0576,77.14844,34.00407910346985,2023-12-15 15:29:05.020643
711,7101,1923994.9,1470.0576,77.14844,34.510666847229004,2023-12-15 15:29:39.933781
712,7111,1924004.0,1470.0576,77.14844,33.95139980316162,2023-12-15 15:30:14.195225
713,7121,1924373.2,1470.0576,77.14844,34.06372284889221,2023-12-15 15:30:48.558364
714,7131,1924456.4,1470.0576,77.14844,34.64279246330261,2023-12-15 15:31:23.508825
715,7141,1924707.6,1470.0576,77.14844,34.923648834228516,2023-12-15 15:31:58.737856
716,7151,1925560.2,1470.0576,77.14844,34.21843242645264,2023-12-15 15:32:33.323055
717,7161,1925583.5,1470.0576,77.14844,34.50888204574585,2023-12-15 15:33:08.134921
718,7171,1925657.6,1470.0576,77.14844,34.73954439163208,2023-12-15 15:33:43.173147
719,7181,1925735.5,1470.0576,77.14844,34.840065002441406,2023-12-15 15:34:18.324311
720,7191,1925746.1,1470.0576,77.14844,34.17447805404663,2023-12-15 15:34:52.795307
721,7201,1926086.2,1470.0576,77.14844,33.995930433273315,2023-12-15 15:35:27.092855
722,7211,1926501.1,1470.0576,77.14844,34.20870900154114,2023-12-15 15:36:01.612931
723,7221,1926504.4,1470.0576,77.14844,34.13143825531006,2023-12-15 15:36:36.055127
724,7231,1926638.0,1470.0576,77.14844,34.558064222335815,2023-12-15 15:37:10.908086
725,7241,1926638.0,1470.0576,77.14844,34.6071355342865,2023-12-15 15:37:45.816810
726,7251,1926647.0,1470.0576,77.14844,34.529173374176025,2023-12-15 15:38:20.714872
727,7261,1926737.8,1470.0576,77.14844,34.487269163131714,2023-12-15 15:38:55.554813
728,7271,1926753.9,1470.0576,77.14844,34.049760818481445,2023-12-15 15:39:29.909825
729,7281,1926758.8,1470.0576,77.14844,34.355849504470825,2023-12-15 15:40:04.564627
730,7291,1926800.8,1470.0576,77.14844,34.03944993019104,2023-12-15 15:40:38.902571
731,7301,1926800.8,1470.0576,77.14844,34.87586164474487,2023-12-15 15:41:14.074184
732,7311,1926859.8,1470.0576,77.14844,34.20244479179382,2023-12-15 15:41:48.579351
733,7321,1926910.0,1470.0576,77.14844,34.561384439468384,2023-12-15 15:42:23.445139
734,7331,1926979.6,1470.0576,77.14844,33.91435098648071,2023-12-15 15:42:57.663554
735,7341,1927026.6,1470.0576,77.14844,34.0127227306366,2023-12-15 15:43:31.976940
736,7351,1927075.5,1470.0576,77.14844,34.5525426864624,2023-12-15 15:44:06.832241
737,7361,1927116.2,1470.0576,77.14844,34.35884499549866,2023-12-15 15:44:41.575133
738,7371,1927408.5,1470.0576,77.14844,34.11369824409485,2023-12-15 15:45:16.006525
739,7381,1927445.2,1470.0576,77.14844,34.49057364463806,2023-12-15 15:45:50.800865
740,7391,1927663.0,1470.0576,77.14844,34.29119515419006,2023-12-15 15:46:25.390925
741,7401,1927672.4,1470.0576,77.14844,33.80867862701416,2023-12-15 15:46:59.504483
742,7411,1927743.0,1470.0576,77.14844,34.597774505615234,2023-12-15 15:47:34.408488
743,7421,1927817.8,1470.0576,77.14844,34.049938917160034,2023-12-15 15:48:08.764079
744,7431,1927892.8,1470.0576,77.14844,33.7543363571167,2023-12-15 15:48:42.819594
745,7441,1927938.8,1470.0576,77.14844,34.984570264816284,2023-12-15 15:49:18.102507
746,7451,1927938.8,1470.0576,77.14844,34.75346326828003,2023-12-15 15:49:53.162279
747,7461,1928120.4,1470.0576,77.14844,34.54229688644409,2023-12-15 15:50:28.078373
748,7471,1928466.8,1470.0576,77.14844,34.199238300323486,2023-12-15 15:51:02.582873
749,7481,1928470.0,1470.0576,77.14844,34.44263982772827,2023-12-15 15:51:37.323077
750,7491,1928561.5,1470.0576,77.14844,34.19453978538513,2023-12-15 15:52:11.816773
751,7501,1928642.8,1470.0576,77.14844,34.566813945770264,2023-12-15 15:52:46.683082
752,7511,1928905.9,1470.0576,77.14844,34.43926787376404,2023-12-15 15:53:21.425069
753,7521,1928905.9,1470.0576,77.14844,34.65969109535217,2023-12-15 15:53:56.383809
754,7531,1928996.1,1470.0576,77.14844,34.50718307495117,2023-12-15 15:54:31.260687
755,7541,1929440.2,1470.0576,77.14844,34.52208614349365,2023-12-15 15:55:06.132190
756,7551,1929488.0,1470.0576,77.14844,34.17356896400452,2023-12-15 15:55:40.604884
757,7561,1929600.2,1470.0576,77.14844,34.921069860458374,2023-12-15 15:56:15.825276
758,7571,1929600.2,1470.0576,77.14844,33.93992733955383,2023-12-15 15:56:50.065827
759,7581,1929661.1,1470.0576,77.14844,34.631070137023926,2023-12-15 15:57:24.997287
760,7591,1929666.8,1470.0576,77.14844,34.64883828163147,2023-12-15 15:57:59.956346
761,7601,1929670.1,1470.0576,77.14844,33.918888568878174,2023-12-15 15:58:34.221433
762,7611,1932165.5,1470.0576,77.24609,34.35959053039551,2023-12-15 15:59:08.884851
763,7621,1932635.0,1470.0576,77.24609,34.246294021606445,2023-12-15 15:59:43.430837
764,7631,1932754.2,1470.0576,77.24609,34.36886787414551,2023-12-15 16:00:18.104524
765,7641,1932852.2,1470.0576,77.24609,34.67215704917908,2023-12-15 16:00:53.081974
766,7651,1932940.0,1470.0576,77.24609,33.72704744338989,2023-12-15 16:01:27.116306
767,7661,1932973.5,1470.0576,77.24609,34.6410858631134,2023-12-15 16:02:02.057703
768,7671,1933045.8,1470.0576,77.24609,34.791213512420654,2023-12-15 16:02:37.156024
769,7681,1933387.5,1470.0576,77.24609,34.45492601394653,2023-12-15 16:03:11.935864
770,7691,1933442.9,1470.0576,77.24609,34.39960598945618,2023-12-15 16:03:46.644362
771,7701,1933447.9,1470.0576,77.24609,34.45125126838684,2023-12-15 16:04:21.392444
772,7711,1933511.8,1470.0576,77.24609,34.15651297569275,2023-12-15 16:04:55.848870
773,7721,1933882.0,1470.0576,77.24609,34.64913320541382,2023-12-15 16:05:30.801287
774,7731,1933953.5,1470.0576,77.24609,34.534281492233276,2023-12-15 16:06:05.636429
775,7741,1933958.8,1470.0576,77.24609,34.98196721076965,2023-12-15 16:06:40.916688
776,7751,1934085.5,1470.0576,77.24609,34.656373023986816,2023-12-15 16:07:15.872826
777,7761,1934511.5,1470.0576,77.24609,33.995934009552,2023-12-15 16:07:50.172736
778,7771,1934677.2,1470.0576,77.24609,34.319597005844116,2023-12-15 16:08:24.797046
779,7781,1934891.1,1470.0576,77.24609,34.01085638999939,2023-12-15 16:08:59.108703
780,7791,1935104.1,1470.0576,77.24609,34.171367168426514,2023-12-15 16:09:33.579550
781,7801,1935104.1,1470.0576,77.24609,34.533294439315796,2023-12-15 16:10:08.414177
782,7811,1935108.6,1470.0576,77.24609,34.42949199676514,2023-12-15 16:10:43.238524
783,7821,1935123.2,1470.0576,77.24609,33.997432708740234,2023-12-15 16:11:17.550496
784,7831,1935233.0,1470.0576,77.24609,33.86232900619507,2023-12-15 16:11:51.719719
785,7841,1935445.8,1470.0576,77.24609,34.39585566520691,2023-12-15 16:12:26.424301
786,7851,1935650.2,1470.0576,77.24609,34.099756717681885,2023-12-15 16:13:00.829741
787,7861,1935671.1,1470.0576,77.24609,34.309788942337036,2023-12-15 16:13:35.453775
788,7871,1935823.8,1470.0576,77.24609,34.18785738945007,2023-12-15 16:14:09.948034
789,7881,1935823.8,1470.0576,77.24609,34.448118925094604,2023-12-15 16:14:44.733006
790,7891,1935960.8,1470.0576,77.24609,34.24424433708191,2023-12-15 16:15:19.277703
791,7901,1936334.8,1470.0576,77.24609,34.272907972335815,2023-12-15 16:15:53.902224
792,7911,1936472.8,1470.0576,77.24609,34.23669981956482,2023-12-15 16:16:28.477085
793,7921,1936803.1,1470.0576,77.24609,34.38719415664673,2023-12-15 16:17:03.220307
794,7931,1937204.9,1470.0576,77.24609,34.068679332733154,2023-12-15 16:17:37.588928
795,7941,1939547.0,1470.0576,77.34375,34.722601890563965,2023-12-15 16:18:12.621312
796,7951,1939639.5,1470.0576,77.34375,34.0563063621521,2023-12-15 16:18:46.973890
797,7961,1940157.8,1470.0576,77.34375,34.41077661514282,2023-12-15 16:19:21.682330
798,7971,1940166.9,1470.0576,77.34375,34.31590533256531,2023-12-15 16:19:56.420705
799,7981,1940720.5,1470.0576,77.34375,34.66300439834595,2023-12-15 16:20:31.397709
800,7991,1940741.9,1470.0576,77.34375,34.57012057304382,2023-12-15 16:21:06.268917
801,8001,1940841.0,1470.0576,77.34375,34.32448863983154,2023-12-15 16:21:40.890403
802,8011,1940867.5,1470.0576,77.34375,34.53191351890564,2023-12-15 16:22:15.719131
803,8021,1940948.5,1470.0576,77.34375,34.436994791030884,2023-12-15 16:22:50.485221
804,8031,1940965.0,1470.0576,77.34375,34.08997201919556,2023-12-15 16:23:24.918681
805,8041,1941096.1,1470.0576,77.34375,34.72487688064575,2023-12-15 16:23:59.956681
806,8051,1941096.1,1470.0576,77.34375,34.68175435066223,2023-12-15 16:24:34.949607
807,8061,1941096.1,1470.0576,77.34375,34.029444456100464,2023-12-15 16:25:09.278641
808,8071,1941151.2,1470.0576,77.34375,34.43089246749878,2023-12-15 16:25:44.029438
809,8081,1941268.0,1470.0576,77.34375,34.620070934295654,2023-12-15 16:26:18.951321
810,8091,1941343.6,1470.0576,77.34375,34.3287889957428,2023-12-15 16:26:53.576978
811,8101,1941455.9,1470.0576,77.34375,33.976797342300415,2023-12-15 16:27:27.854437
812,8111,1941679.9,1470.0576,77.34375,34.0380003452301,2023-12-15 16:28:02.241168
813,8121,1942040.0,1470.0576,77.34375,34.64850616455078,2023-12-15 16:28:37.239662
814,8131,1942052.5,1470.0576,77.34375,34.75454545021057,2023-12-15 16:29:12.388040
815,8141,1942116.5,1470.0576,77.34375,34.4032187461853,2023-12-15 16:29:47.092096
816,8151,1942555.9,1470.0576,77.34375,34.23526358604431,2023-12-15 16:30:21.627647
817,8161,1942968.8,1470.0576,77.34375,34.8656222820282,2023-12-15 16:30:56.798148
818,8171,1943248.1,1470.0576,77.34375,34.44684076309204,2023-12-15 16:31:31.547843
819,8181,1943619.8,1470.0576,77.34375,33.89171814918518,2023-12-15 16:32:05.741295
820,8191,1944161.0,1470.0576,77.34375,34.34664559364319,2023-12-15 16:32:40.387060
821,8201,1944400.4,1470.0576,77.34375,34.43221187591553,2023-12-15 16:33:15.118124
822,8211,1944432.2,1470.0576,77.34375,34.330899238586426,2023-12-15 16:33:49.760500
823,8221,1944463.8,1470.0576,77.34375,34.32668852806091,2023-12-15 16:34:24.398636
824,8231,1944463.8,1470.0576,77.34375,34.18263602256775,2023-12-15 16:34:58.887688
825,8241,1944770.5,1470.0576,77.34375,33.94560146331787,2023-12-15 16:35:33.136954
826,8251,1945304.9,1470.0576,77.34375,34.68824219703674,2023-12-15 16:36:08.128296
827,8261,1945440.9,1470.0576,77.34375,34.58765482902527,2023-12-15 16:36:43.015881
828,8271,1945465.9,1470.0576,77.34375,34.34260058403015,2023-12-15 16:37:17.706825
829,8281,1945579.5,1470.0576,77.34375,34.44098925590515,2023-12-15 16:37:52.451081
830,8291,1945604.9,1470.0576,77.34375,34.66460561752319,2023-12-15 16:38:27.416762
831,8301,1945725.2,1470.0576,77.34375,34.38500213623047,2023-12-15 16:39:02.101855
832,8311,1945828.2,1470.0576,77.34375,34.4092538356781,2023-12-15 16:39:36.827494
833,8321,1945841.4,1470.0576,77.34375,34.440977334976196,2023-12-15 16:40:11.573745
834,8331,1945877.2,1470.0576,77.34375,34.37452816963196,2023-12-15 16:40:46.253784
835,8341,1945907.4,1470.0576,77.34375,34.58942151069641,2023-12-15 16:41:21.152265
836,8351,1945934.6,1470.0576,77.34375,34.20488500595093,2023-12-15 16:41:55.658615
837,8361,1945942.6,1470.0576,77.34375,34.3155677318573,2023-12-15 16:42:30.303245
838,8371,1946068.4,1470.0576,77.34375,34.76108241081238,2023-12-15 16:43:05.366145
839,8381,1946423.4,1470.0576,77.34375,34.354825019836426,2023-12-15 16:43:40.018536
840,8391,1946487.6,1470.0576,77.34375,34.55412936210632,2023-12-15 16:44:14.883701
841,8401,1946898.9,1470.0576,77.34375,34.67364716529846,2023-12-15 16:44:49.855345
842,8411,1947315.8,1470.0576,77.34375,34.39287352561951,2023-12-15 16:45:24.544322
843,8421,1947395.5,1470.0576,77.34375,34.392951250076294,2023-12-15 16:45:59.236851
844,8431,1947540.2,1470.0576,77.34375,34.14395093917847,2023-12-15 16:46:33.691285
845,8441,1947775.8,1470.0576,77.34375,34.815572023391724,2023-12-15 16:47:08.807130
846,8451,1947863.4,1470.0576,77.34375,34.26935362815857,2023-12-15 16:47:43.376331
847,8461,1947886.2,1470.0576,77.34375,34.33696961402893,2023-12-15 16:48:18.024033
848,8471,1948152.1,1470.0576,77.34375,34.58838605880737,2023-12-15 16:48:52.911713
849,8481,1948173.4,1470.0576,77.34375,34.23947095870972,2023-12-15 16:49:27.462282
850,8491,1948392.2,1470.0576,77.34375,34.642839193344116,2023-12-15 16:50:02.402623
851,8501,1948893.0,1520.9443,77.34375,34.29523253440857,2023-12-15 16:50:37.057405
852,8511,1948983.0,1520.9443,77.34375,34.08089208602905,2023-12-15 16:51:11.445714
853,8521,1949020.0,1520.9443,77.34375,34.06518912315369,2023-12-15 16:51:45.864218
854,8531,1949037.8,1520.9443,77.34375,34.62822985649109,2023-12-15 16:52:20.791401
855,8541,1949054.9,1520.9443,77.34375,34.415395736694336,2023-12-15 16:52:55.508508
856,8551,1949199.9,1520.9443,77.34375,34.391618728637695,2023-12-15 16:53:30.201394
857,8561,1949304.2,1520.9443,77.34375,34.431177616119385,2023-12-15 16:54:04.937005
858,8571,1949347.0,1520.9443,77.34375,34.56435680389404,2023-12-15 16:54:39.809223
859,8581,1949505.8,1520.9443,77.34375,34.60124659538269,2023-12-15 16:55:14.774192
860,8591,1949681.8,1520.9443,77.34375,34.135923624038696,2023-12-15 16:55:49.228816
861,8601,1949765.8,1520.9443,77.34375,34.55582046508789,2023-12-15 16:56:24.080975
862,8611,1950026.6,1520.9443,77.34375,33.957741498947144,2023-12-15 16:56:58.352761
863,8621,1950044.0,1520.9443,77.34375,33.93255066871643,2023-12-15 16:57:32.587676
864,8631,1950164.8,1520.9443,77.34375,34.534098386764526,2023-12-15 16:58:07.429983
865,8641,1950193.9,1520.9443,77.34375,34.17100930213928,2023-12-15 16:58:41.913308
866,8651,1950275.6,1520.9443,77.34375,34.39874267578125,2023-12-15 16:59:16.612140
867,8661,1950478.5,1520.9443,77.34375,34.14022874832153,2023-12-15 16:59:51.118255
868,8671,1950500.1,1520.9443,77.34375,34.05385637283325,2023-12-15 17:00:25.471448
869,8681,1950560.9,1520.9443,77.34375,34.511738538742065,2023-12-15 17:01:00.314734
870,8691,1950754.2,1520.9443,77.34375,34.1951048374176,2023-12-15 17:01:34.808212
871,8701,1950874.1,1520.9443,77.34375,34.56525135040283,2023-12-15 17:02:09.695908
872,8711,1950899.6,1520.9443,77.34375,34.09187722206116,2023-12-15 17:02:44.084350
873,8721,1950951.8,1520.9443,77.34375,34.15702795982361,2023-12-15 17:03:18.540582
874,8731,1951048.6,1520.9443,77.34375,34.48618745803833,2023-12-15 17:03:53.326468
875,8741,1951313.8,1520.9443,77.34375,34.15269184112549,2023-12-15 17:04:27.777439
876,8751,1951492.5,1520.9443,77.34375,34.336639404296875,2023-12-15 17:05:02.420972
877,8761,1951759.6,1520.9443,77.34375,34.222512006759644,2023-12-15 17:05:36.947915
878,8771,1952004.8,1520.9443,77.34375,34.5096800327301,2023-12-15 17:06:11.829308
879,8781,1952115.1,1520.9443,77.34375,33.94861197471619,2023-12-15 17:06:46.102895
880,8791,1952192.1,1520.9443,77.34375,34.17562174797058,2023-12-15 17:07:20.575939
881,8801,1952192.1,1520.9443,77.34375,34.6701443195343,2023-12-15 17:07:55.547477
882,8811,1952232.8,1520.9443,77.34375,34.097747802734375,2023-12-15 17:08:29.954885
883,8821,1952261.4,1520.9443,77.34375,34.202945947647095,2023-12-15 17:09:04.454698
884,8831,1952730.8,1520.9443,77.34375,34.620391845703125,2023-12-15 17:09:39.380643
885,8841,1953043.6,1520.9443,77.34375,34.333436250686646,2023-12-15 17:10:14.012673
886,8851,1953046.8,1520.9443,77.34375,34.50909066200256,2023-12-15 17:10:48.834622
887,8861,1953111.0,1520.9443,77.34375,34.6375527381897,2023-12-15 17:11:23.769230
888,8871,1953259.8,1520.9443,77.34375,34.178802728652954,2023-12-15 17:11:58.252634
889,8881,1953344.0,1520.9443,77.34375,34.1017541885376,2023-12-15 17:12:32.651120
890,8891,1953381.2,1520.9443,77.34375,34.194294452667236,2023-12-15 17:13:07.144344
891,8901,1953504.6,1520.9443,77.34375,34.423150300979614,2023-12-15 17:13:41.894898
892,8911,1953556.2,1520.9443,77.34375,34.27756071090698,2023-12-15 17:14:16.476950
893,8921,1953718.5,1520.9443,77.34375,34.45472455024719,2023-12-15 17:14:51.264860
894,8931,1953931.0,1520.9443,77.34375,34.761810302734375,2023-12-15 17:15:26.384157
895,8941,1954341.8,1520.9443,77.34375,34.665751218795776,2023-12-15 17:16:01.366979
896,8951,1954343.0,1520.9443,77.34375,34.50718903541565,2023-12-15 17:16:36.169238
897,8961,1954497.1,1520.9443,77.34375,34.40380263328552,2023-12-15 17:17:10.939227
898,8971,1954600.5,1520.9443,77.34375,33.88312363624573,2023-12-15 17:17:45.131718
899,8981,1954798.6,1520.9443,77.34375,34.073002338409424,2023-12-15 17:18:19.522131
900,8991,1954798.6,1520.9443,77.34375,34.19066500663757,2023-12-15 17:18:54.008786
901,9001,1954808.2,1520.9443,77.34375,34.2496702671051,2023-12-15 17:19:28.565652
902,9011,1954957.6,1520.9443,77.34375,34.05766844749451,2023-12-15 17:20:02.925240
903,9021,1955222.0,1520.9443,77.34375,34.42895841598511,2023-12-15 17:20:37.654444
904,9031,1955261.0,1520.9443,77.34375,34.30197715759277,2023-12-15 17:21:12.254161
905,9041,1957716.0,1520.9443,77.44141,33.72588229179382,2023-12-15 17:21:46.286276
906,9051,1957721.5,1520.9443,77.44141,34.373206615448,2023-12-15 17:22:20.973503
907,9061,1957840.5,1520.9443,77.44141,34.77339220046997,2023-12-15 17:22:56.053107
908,9071,1957917.8,1520.9443,77.44141,34.30671572685242,2023-12-15 17:23:30.662034
909,9081,1957995.0,1520.9443,77.44141,34.476839542388916,2023-12-15 17:24:05.442806
910,9091,1958044.2,1520.9443,77.44141,34.14449858665466,2023-12-15 17:24:39.898057
911,9101,1958079.8,1520.9443,77.44141,34.461904525756836,2023-12-15 17:25:14.666300
912,9111,1958101.2,1520.9443,77.44141,34.18705415725708,2023-12-15 17:25:49.159755
913,9121,1958240.0,1520.9443,77.44141,34.372775077819824,2023-12-15 17:26:23.831538
914,9131,1958388.0,1520.9443,77.44141,34.27502512931824,2023-12-15 17:26:58.404087
915,9141,1958604.6,1520.9443,77.44141,34.18661451339722,2023-12-15 17:27:32.891044
916,9151,1958935.0,1520.9443,77.44141,34.32099962234497,2023-12-15 17:28:07.510256
917,9161,1958986.2,1520.9443,77.44141,34.1590313911438,2023-12-15 17:28:41.968505
918,9171,1958986.2,1520.9443,77.44141,34.519890785217285,2023-12-15 17:29:16.785306
919,9181,1958986.2,1520.9443,77.44141,34.124757528305054,2023-12-15 17:29:51.209353
920,9191,1959081.2,1520.9443,77.44141,34.49074196815491,2023-12-15 17:30:26.008576
921,9201,1959110.1,1520.9443,77.44141,34.50549292564392,2023-12-15 17:31:00.810042
922,9211,1959303.0,1520.9443,77.44141,34.65509104728699,2023-12-15 17:31:35.760745
923,9221,1959303.0,1520.9443,77.44141,33.90263223648071,2023-12-15 17:32:09.965531
924,9231,1959529.1,1520.9443,77.44141,34.29959273338318,2023-12-15 17:32:44.566801
925,9241,1959674.0,1520.9443,77.44141,34.17119550704956,2023-12-15 17:33:19.039142
926,9251,1959674.0,1520.9443,77.44141,34.40179967880249,2023-12-15 17:33:53.740851
927,9261,1959756.8,1520.9443,77.44141,34.203933000564575,2023-12-15 17:34:28.241093
928,9271,1959932.1,1520.9443,77.44141,34.241220235824585,2023-12-15 17:35:02.791123
929,9281,1959946.2,1520.9443,77.44141,34.141239643096924,2023-12-15 17:35:37.235155
930,9291,1960503.2,1520.9443,77.44141,34.04503655433655,2023-12-15 17:36:11.582496
931,9301,1960505.2,1520.9443,77.44141,34.59335279464722,2023-12-15 17:36:46.486742
932,9311,1960765.0,1520.9443,77.44141,34.544211864471436,2023-12-15 17:37:21.336938
933,9321,1960784.8,1520.9443,77.44141,34.70432090759277,2023-12-15 17:37:56.346870
934,9331,1963172.6,1520.9443,77.53906,34.30744671821594,2023-12-15 17:38:30.951113
935,9341,1963219.0,1520.9443,77.53906,34.19246506690979,2023-12-15 17:39:05.476071
936,9351,1963219.0,1520.9443,77.53906,34.38121795654297,2023-12-15 17:39:40.154836
937,9361,1963227.9,1520.9443,77.53906,34.909472703933716,2023-12-15 17:40:15.362237
938,9371,1963277.6,1520.9443,77.53906,34.10576105117798,2023-12-15 17:40:49.767173
939,9381,1963297.2,1520.9443,77.53906,34.054357051849365,2023-12-15 17:41:24.125237
940,9391,1965713.4,1520.9443,77.63672,34.35755205154419,2023-12-15 17:41:58.792981
941,9401,1965788.1,1520.9443,77.63672,34.12920546531677,2023-12-15 17:42:33.229861
942,9411,1965813.5,1520.9443,77.63672,34.245124101638794,2023-12-15 17:43:07.781699
943,9421,1965867.0,1520.9443,77.63672,34.775408029556274,2023-12-15 17:43:42.867078
944,9431,1965877.4,1520.9443,77.63672,34.529942989349365,2023-12-15 17:44:17.695955
945,9441,1965907.1,1520.9443,77.63672,34.32629203796387,2023-12-15 17:44:52.322237
946,9451,1965939.4,1520.9443,77.63672,34.06789255142212,2023-12-15 17:45:26.692166
947,9461,1965939.4,1520.9443,77.63672,34.56870651245117,2023-12-15 17:46:01.559464
948,9471,1965991.2,1520.9443,77.63672,34.25801968574524,2023-12-15 17:46:36.118362
949,9481,1966165.9,1520.9443,77.63672,34.23097848892212,2023-12-15 17:47:10.647108
950,9491,1966566.6,1520.9443,77.63672,34.45342206954956,2023-12-15 17:47:45.398518
951,9501,1966582.4,1520.9443,77.63672,33.89623022079468,2023-12-15 17:48:19.613524
952,9511,1966681.2,1520.9443,77.63672,34.26567459106445,2023-12-15 17:48:54.180142
953,9521,1966725.2,1520.9443,77.63672,34.3703510761261,2023-12-15 17:49:28.850779
954,9531,1966795.5,1520.9443,77.63672,34.25112700462341,2023-12-15 17:50:03.412460
955,9541,1966807.1,1520.9443,77.63672,34.64438271522522,2023-12-15 17:50:38.352997
956,9551,1966995.6,1520.9443,77.63672,34.07390904426575,2023-12-15 17:51:12.724719
957,9561,1967014.4,1520.9443,77.63672,34.25439810752869,2023-12-15 17:51:47.288196
958,9571,1967224.8,1520.9443,77.63672,34.27769422531128,2023-12-15 17:52:21.863622
959,9581,1967352.2,1520.9443,77.63672,34.8991961479187,2023-12-15 17:52:57.061722
960,9591,1967360.6,1520.9443,77.63672,34.67115759849548,2023-12-15 17:53:32.028831
961,9601,1967360.6,1520.9443,77.63672,34.85174107551575,2023-12-15 17:54:07.245595
962,9611,1967709.2,1520.9443,77.63672,34.00050663948059,2023-12-15 17:54:41.555186
963,9621,1967709.2,1520.9443,77.63672,34.42023229598999,2023-12-15 17:55:16.273453
964,9631,1967783.8,1520.9443,77.63672,34.74141836166382,2023-12-15 17:55:51.326308
965,9641,1967802.0,1520.9443,77.63672,34.281193256378174,2023-12-15 17:56:25.913873
966,9651,1967831.2,1520.9443,77.63672,34.199453353881836,2023-12-15 17:57:00.437543
967,9661,1967831.6,1520.9443,77.63672,34.142773151397705,2023-12-15 17:57:34.889501
968,9671,1967913.2,1520.9443,77.63672,34.645623445510864,2023-12-15 17:58:09.843248
969,9681,1967968.0,1520.9443,77.63672,33.93737244606018,2023-12-15 17:58:44.089836
970,9691,1968018.2,1520.9443,77.63672,34.41961169242859,2023-12-15 17:59:18.806750
971,9701,1968044.2,1520.9443,77.63672,34.38756704330444,2023-12-15 17:59:53.495003
972,9711,1968134.2,1520.9443,77.63672,34.51901340484619,2023-12-15 18:00:28.312777
973,9721,1970071.5,1520.9443,77.734375,34.42200207710266,2023-12-15 18:01:03.035903
974,9731,1970071.5,1520.9443,77.734375,34.70098257064819,2023-12-15 18:01:38.042666
975,9741,1970109.8,1520.9443,77.734375,34.21668338775635,2023-12-15 18:02:12.558511
976,9751,1970153.1,1520.9443,77.734375,34.58511662483215,2023-12-15 18:02:47.466736
977,9761,1970210.1,1520.9443,77.734375,34.176185131073,2023-12-15 18:03:21.941887
978,9771,1970215.8,1520.9443,77.734375,34.50593400001526,2023-12-15 18:03:56.743707
979,9781,1970362.9,1520.9443,77.734375,34.27040076255798,2023-12-15 18:04:31.318834
980,9791,1970573.8,1520.9443,77.734375,34.01235795021057,2023-12-15 18:05:05.633286
981,9801,1970575.2,1520.9443,77.734375,34.65150332450867,2023-12-15 18:05:40.615306
982,9811,1970583.6,1520.9443,77.734375,34.47385621070862,2023-12-15 18:06:15.408656
983,9821,1970676.2,1520.9443,77.734375,34.13614559173584,2023-12-15 18:06:49.849209
984,9831,1970978.5,1685.158,77.734375,34.35541653633118,2023-12-15 18:07:24.512734
985,9841,1970978.5,1685.158,77.734375,34.39794945716858,2023-12-15 18:07:59.217160
986,9851,1971092.8,1685.158,77.734375,34.375876903533936,2023-12-15 18:08:33.903384
987,9861,1971607.2,1685.158,77.734375,34.68564438819885,2023-12-15 18:09:08.887002
988,9871,1971608.1,1685.158,77.734375,34.43584609031677,2023-12-15 18:09:43.668692
989,9881,1971631.8,1685.158,77.734375,35.10046720504761,2023-12-15 18:10:19.075467
990,9891,1971640.0,1685.158,77.734375,35.733829736709595,2023-12-15 18:10:55.115893
991,9901,1971640.0,1685.158,77.734375,35.83764696121216,2023-12-15 18:11:31.289969
992,9911,1971650.4,1685.158,77.734375,36.14602279663086,2023-12-15 18:12:07.743343
993,9921,1971740.5,1685.158,77.734375,36.472294092178345,2023-12-15 18:12:44.531392
994,9931,1971950.5,1685.158,77.734375,36.70736217498779,2023-12-15 18:13:21.554366
995,9941,1971950.5,1685.158,77.734375,36.73171257972717,2023-12-15 18:13:58.603494
996,9951,1971996.8,1685.158,77.734375,36.970921993255615,2023-12-15 18:14:35.878541
997,9961,1974648.8,1685.158,77.83203,36.9031617641449,2023-12-15 18:15:13.108193
998,9971,1974758.2,1685.158,77.83203,37.05830216407776,2023-12-15 18:15:50.501011
999,9981,1974761.1,1685.158,77.83203,37.20378637313843,2023-12-15 18:16:28.031653
1000,9991,1974861.6,1685.158,77.83203,36.81939077377319,2023-12-15 18:17:05.179441
